Ticker,Company,Industry
200011.SZ,PRD-B,K Real Estate
200012.SZ,CSG-B,C Manufacturing
200016.SZ,KONKA GROUP-B,C Manufacturing
200017.SZ,CBC-B,C Manufacturing
200019.SZ,SHENLIANG-B,F Wholesale & Retail
200020.SZ,HUAFA-B,C Manufacturing
200025.SZ,TELLUS-B,F Wholesale & Retail
200026.SZ,FIYTA-B,F Wholesale & Retail
200028.SZ,ACCORD-B,F Wholesale & Retail
200029.SZ,SPG-B,K Real Estate
200030.SZ,FAWER-B,C Manufacturing
200037.SZ,NSRD-B,D Utilities
200045.SZ,STHC-B,C Manufacturing
200054.SZ,JSVS-B,C Manufacturing
200055.SZ,FANGDA-B,C Manufacturing
200056.SZ,WT-B,L Business Support
200058.SZ,SEGCL-B,L Business Support
200152.SZ,SD AIRLINES-B,G Transportation
200413.SZ,DONGXUB,C Manufacturing
200429.SZ,GPED-B,G Transportation
200468.SZ,NJ TEL-B,C Manufacturing
200488.SZ,SCPH-B,C Manufacturing
200505.SZ,JL-B,C Manufacturing
200512.SZ,TKC-B,C Manufacturing
200521.SZ,CHML-B,C Manufacturing
200530.SZ,BINGSHAN B,C Manufacturing
200539.SZ,GED-B,D Utilities
200541.SZ,FSL-B,C Manufacturing
200550.SZ,JMC-B,C Manufacturing
200553.SZ,ADAMA B,C Manufacturing
200570.SZ,CHANGCHAI-B,C Manufacturing
200581.SZ,WEIFU HIGH-TECH-B,C Manufacturing
200596.SZ,GUJING DISTILLERY-B,C Manufacturing
200613.SZ,DADONGHAI-B,H Hotels & Catering
200625.SZ,CHANGAN AUTOMOBILE-B,C Manufacturing
200706.SZ,WAZHOU ZWZ-B,C Manufacturing
200725.SZ,BOE-B,C Manufacturing
200726.SZ,LTTC-B,C Manufacturing
200761.SZ,BSP-B,C Manufacturing
200771.SZ,HTC-B,C Manufacturing
200869.SZ,CHANGYU-B,C Manufacturing
200992.SZ,SZOCEANIC-B,A Agriculture
201872.SZ,CM PORT GROUP B,G Transportation
300001.SZ,TGOOD ELECTRIC,C Manufacturing
300002.SZ,ULTRAPOWER,I IT
300003.SZ,LEPU MEDICAL,C Manufacturing
300004.SZ,NANFENG CORPORATION,C Manufacturing
300005.SZ,TOREAD,C Manufacturing
300006.SZ,LUMMY,C Manufacturing
300007.SZ,HANWEI ELECTRONICS,C Manufacturing
300008.SZ,BESTWAY,E Construction
300009.SZ,ANKEBIO,C Manufacturing
300010.SZ,DOUSHEN,I IT
300011.SZ,DINGHAN TECH,C Manufacturing
300012.SZ,CTI,M Research & Development
300013.SZ,XNWL,G Transportation
300014.SZ,EVE,C Manufacturing
300015.SZ,AIER EYE HOSPITAL,Q Public Health
300016.SZ,BEILU PHARMA,C Manufacturing
300017.SZ,WANGSU,I IT
300018.SZ,ZYGF,C Manufacturing
300019.SZ,GUIBAO,C Manufacturing
300020.SZ,ENJOYOR,I IT
300021.SZ,DAYU WATER-SAVING,C Manufacturing
300022.SZ,GIFORE,F Wholesale & Retail
300023.SZ,BODE,C Manufacturing
300024.SZ,ROBOT,C Manufacturing
300025.SZ,HUAXING CHUANGYE,I IT
300026.SZ,CHASE SUN PHARM.,C Manufacturing
300027.SZ,HBMC,R Media
300029.SZ,TLPE,C Manufacturing
300030.SZ,IMPROVE MEDICAL,C Manufacturing
300031.SZ,BOTON TECHNOLOGY,I IT
300032.SZ,JINLONG INC,C Manufacturing
300033.SZ,FLUSH INFO,J Finance
300034.SZ,CISRI-GAONA,C Manufacturing
300035.SZ,HNZK ELECTRIC,C Manufacturing
300036.SZ,SUPERMAP,I IT
300037.SZ,CAPCHEM,C Manufacturing
300038.SZ,SHUZHI,I IT
300039.SZ,SHANGHAI KAIBAO,C Manufacturing
300040.SZ,JZ GROUP,C Manufacturing
300041.SZ,HUITIAN NEW MATERIAL,C Manufacturing
300042.SZ,NETAC,C Manufacturing
300043.SZ,RASTAR,I IT
300044.SZ,SUNWIN,I IT
300045.SZ,HWA CREATE,C Manufacturing
300046.SZ,TECHSEM,C Manufacturing
300047.SZ,TYDIC,I IT
300048.SZ,HICONICS,C Manufacturing
300049.SZ,"FREE CO., LTD",C Manufacturing
300050.SZ,DINGLI COMM,I IT
300051.SZ,35.COM,I IT
300052.SZ,ZQGAME,I IT
300053.SZ,OBT,C Manufacturing
300054.SZ,DING LONG,C Manufacturing
300055.SZ,WBD,E Construction
300056.SZ,ZHONGCHUANG,C Manufacturing
300057.SZ,WANSHUN NEW MATERIAL,C Manufacturing
300058.SZ,BLUEFOCUS,L Business Support
300059.SZ,EASTMONEY,J Finance
300061.SZ,QITIAN TECHNOLOGY,L Business Support
300062.SZ,CEE,C Manufacturing
300063.SZ,TLJT,L Business Support
300064.SZ,SC DIAMOND,C Manufacturing
300065.SZ,HLX,C Manufacturing
300066.SZ,SANCHUAN  WISDOM,C Manufacturing
300067.SZ,ANOKY,C Manufacturing
300068.SZ,NARADA POWER SOURCE,C Manufacturing
300069.SZ,JINLIHUA ELECTRIC,C Manufacturing
300070.SZ,BOW,N Environmental Protection
300071.SZ,SPEARHEAD,L Business Support
300072.SZ,SJEP,C Manufacturing
300073.SZ,EASPRING,C Manufacturing
300074.SZ,AVCON,I IT
300075.SZ,EGOVA,I IT
300076.SZ,GQY,C Manufacturing
300077.SZ,NATIONZ,C Manufacturing
300078.SZ,CENTURY,C Manufacturing
300079.SZ,SUMAVISION,C Manufacturing
300080.SZ,YCXN,C Manufacturing
300081.SZ,HXDF,M Research & Development
300082.SZ,OXIRANCHEM,C Manufacturing
300083.SZ,CREATE CENTURY,C Manufacturing
300084.SZ,HAIMO,B Mining
300085.SZ,INFOGEM,I IT
300086.SZ,HONZ,C Manufacturing
300087.SZ,WINALL HI-TECH,A Agriculture
300088.SZ,TOKEN SCI,C Manufacturing
300089.SZ,GREAT WALL CULTURE,C Manufacturing
300091.SZ,JTL,C Manufacturing
300092.SZ,COMELEC,C Manufacturing
300093.SZ,GOLDEN GLASS,C Manufacturing
300094.SZ,GUOLIAN AQUATIC,C Manufacturing
300095.SZ,"HUAWU CO., LTD.",C Manufacturing
300096.SZ,YLZINFO,I IT
300097.SZ,ZY AUTOMATION,C Manufacturing
300098.SZ,GOSUN,I IT
300099.SZ,UPIE,C Manufacturing
300100.SZ,SHUANGLIN AUTO PARTS,C Manufacturing
300101.SZ,ZXKJ,C Manufacturing
300102.SZ,CHANGELIGHT,C Manufacturing
300103.SZ,DAGANG HOLDING,N Environmental Protection
300105.SZ,LONGYUAN TECHNOLOGY,C Manufacturing
300106.SZ,WESTERN ANIMAL,A Agriculture
300107.SZ,JIANXIN CHEMICAL,C Manufacturing
300108.SZ,JI YAO HOLDING,C Manufacturing
300109.SZ,NKY,C Manufacturing
300110.SZ,HRYY,C Manufacturing
300111.SZ,SUNFLOWER,C Manufacturing
300112.SZ,MAXONIC,C Manufacturing
300113.SZ,SW-TECH,I IT
300114.SZ,ZEMIC,C Manufacturing
300115.SZ,EWPT,C Manufacturing
300116.SZ,BAOLI NEW,C Manufacturing
300117.SZ,JIAYU STOCK,E Construction
300118.SZ,RISEN ENERGY,C Manufacturing
300119.SZ,RPSW,C Manufacturing
300120.SZ,JWHK,C Manufacturing
300121.SZ,YANGGU HUATAI,C Manufacturing
300122.SZ,ZHIFEI-BIOL,C Manufacturing
300123.SZ,YAGUANG TECHNOLOGY,C Manufacturing
300124.SZ,INOVANCE,C Manufacturing
300125.SZ,LINGDA GROUP,C Manufacturing
300126.SZ,RQGF,C Manufacturing
300127.SZ,GALAXY MAGNETS,C Manufacturing
300128.SZ,JINFU TECHNOLOGY,C Manufacturing
300129.SZ,TSP,C Manufacturing
300130.SZ,NEXGO,C Manufacturing
300131.SZ,YITOA INTELLIGENT,F Wholesale & Retail
300132.SZ,GREEN PINE,C Manufacturing
300133.SZ,HUACE FILM & TV,R Media
300134.SZ,TAT FOOK TECHNOLOGY,C Manufacturing
300135.SZ,BLIIC,C Manufacturing
300136.SZ,SUNWAY COMM,C Manufacturing
300137.SZ,SAILHEROENVIROPROTEC,C Manufacturing
300138.SZ,CHENGUANG BIOTECH,C Manufacturing
300139.SZ,XC-TECH,C Manufacturing
300140.SZ,CECEP  EQUIPMENT,C Manufacturing
300141.SZ,HSDQ,C Manufacturing
300142.SZ,WALVAX,C Manufacturing
300143.SZ,INKON LIFE,Q Public Health
300144.SZ,SONGCHENG,R Media
300145.SZ,ZHONGJIN ENVIRONMENT,C Manufacturing
300146.SZ,BY-HEALTH,C Manufacturing
300147.SZ,XXZY,C Manufacturing
300148.SZ,TANGEL PUBLISHING,I IT
300149.SZ,CHEMPARTNER,M Research & Development
300150.SZ,IREAL,I IT
300151.SZ,CHANGHONG TECH,C Manufacturing
300152.SZ,KERONG ENVIRONMENTAL,N Environmental Protection
300153.SZ,COOLTECH,C Manufacturing
300154.SZ,RLGF,C Manufacturing
300155.SZ,ANJUBAO,C Manufacturing
300157.SZ,LANDOCEAN,B Mining
300158.SZ,ZHENDONG PHARMACY,C Manufacturing
300159.SZ,XYGF,C Manufacturing
300160.SZ,XIUQIANG GLASS,C Manufacturing
300161.SZ,HCNC,C Manufacturing
300162.SZ,LEDMAN,C Manufacturing
300163.SZ,APLUS,C Manufacturing
300164.SZ,TONG OIL TOOLS,B Mining
300165.SZ,SKYRAY INSTRUMENT,C Manufacturing
300166.SZ,BONC,I IT
300167.SZ,DVX,I IT
300168.SZ,WONDERS INFORMATION,I IT
300169.SZ,TIANSHENG,C Manufacturing
300170.SZ,HAND,I IT
300171.SZ,TOFFLON,C Manufacturing
300172.SZ,CEEP,N Environmental Protection
300173.SZ,FOET,C Manufacturing
300174.SZ,YUANLI ACTIVE CARBON,C Manufacturing
300175.SZ,LONTRUE,C Manufacturing
300176.SZ,PAISHENG TECHNOLOGY,C Manufacturing
300177.SZ,HI-TARGET,C Manufacturing
300178.SZ,TEMPUS GLOBAL,L Business Support
300179.SZ,SF DIAMOND,C Manufacturing
300180.SZ,HUAFON MICROFIBRE,C Manufacturing
300181.SZ,ZUO LI YAO YE,C Manufacturing
300182.SZ,JETSEN,R Media
300183.SZ,DRZB,I IT
300184.SZ,P&S,F Wholesale & Retail
300185.SZ,TONGYU HEAVY,C Manufacturing
300187.SZ,YONKER,N Environmental Protection
300188.SZ,MEIYAPICO INC.,I IT
300189.SZ,SHENNONG TECHNOLOGY,A Agriculture
300190.SZ,WELLE INC.,N Environmental Protection
300191.SZ,SINOGEO,B Mining
300192.SZ,KINGSWOOD EDUCATION,P Education
300193.SZ,JASIC,C Manufacturing
300194.SZ,FUAN PHARM,C Manufacturing
300195.SZ,MKM,C Manufacturing
300196.SZ,CHANGHAI COMPOSITES,C Manufacturing
300197.SZ,CECEP TECHANDECOLOGY,N Environmental Protection
300198.SZ,NCP,C Manufacturing
300199.SZ,HYBIO,C Manufacturing
300200.SZ,COMENS MATERIALS,C Manufacturing
300201.SZ,HLZ,C Manufacturing
300202.SZ,JLGF,C Manufacturing
300203.SZ,FPI,C Manufacturing
300204.SZ,STAIDSON BIO,C Manufacturing
300205.SZ,TIANYU INFO.,C Manufacturing
300206.SZ,EDAN,C Manufacturing
300207.SZ,SUNWODA,C Manufacturing
300208.SZ,QDZC,C Manufacturing
300209.SZ,TIANZE INFO,F Wholesale & Retail
300210.SZ,SENYUAN,C Manufacturing
300211.SZ,YITONG TECH,C Manufacturing
300212.SZ,E-HUALU,I IT
300213.SZ,JXFH,C Manufacturing
300214.SZ,RIKE CHEMICAL,C Manufacturing
300215.SZ,EASA,M Research & Development
300217.SZ,DFDR,C Manufacturing
300218.SZ,ANLI,C Manufacturing
300219.SZ,HONGLIZHIHUI,C Manufacturing
300220.SZ,GODEN,C Manufacturing
300221.SZ,SILVER AGE,C Manufacturing
300222.SZ,CSG SMART,C Manufacturing
300223.SZ,INGENIC,C Manufacturing
300224.SZ,ZHMAG,C Manufacturing
300225.SZ,KNT,C Manufacturing
300226.SZ,SHANGHAI GANGLIAN,I IT
300227.SZ,SUNSHINE,C Manufacturing
300228.SZ,FRTZ,C Manufacturing
300229.SZ,TRS,I IT
300230.SZ,YONGLI,C Manufacturing
300231.SZ,TRUST&FAR TECH.,I IT
300232.SZ,UNILUMIN,C Manufacturing
300233.SZ,JINCHENG PHARM,C Manufacturing
300234.SZ,KAIER MATERIALS,C Manufacturing
300235.SZ,KINGSUN,I IT
300236.SZ,SHANGHAI SINYANG,C Manufacturing
300237.SZ,MEICHEN ECOLOGY,E Construction
300238.SZ,GHSW,C Manufacturing
300239.SZ,DBBT,C Manufacturing
300240.SZ,FEILIKS,G Transportation
300241.SZ,REFOND,C Manufacturing
300242.SZ,JYKJ,I IT
300243.SZ,RUIFENG CHEM,C Manufacturing
300244.SZ,D.A. DIAGNOSTICS,Q Public Health
300245.SZ,TJT,I IT
300246.SZ,BLT,C Manufacturing
300247.SZ,YOUNGY  HEALTH,C Manufacturing
300248.SZ,NEWCAPEC,I IT
300249.SZ,YIMIKANG,I IT
300250.SZ,CNCR,I IT
300251.SZ,ENLIGHT MEDIA,R Media
300252.SZ,JXNH,C Manufacturing
300253.SZ,WINNING HEALTH,I IT
300254.SZ,C&Y PHARMACEUTICAL,C Manufacturing
300255.SZ,CHANGSHAN PHARMA,C Manufacturing
300256.SZ,FPT,C Manufacturing
300257.SZ,KAISHAN COMPRESSOR,C Manufacturing
300258.SZ,PPF,C Manufacturing
300259.SZ,XINTIAN TECHNOLOGY,C Manufacturing
300260.SZ,KINGLAI MATERIALS,C Manufacturing
300261.SZ,ABACHEM,C Manufacturing
300262.SZ,SAFBON WATER,N Environmental Protection
300263.SZ,LONGHUA TECHNOLOGY,C Manufacturing
300264.SZ,AVIT,I IT
300265.SZ,TGC,C Manufacturing
300266.SZ,XINGYUAN ENVIRONMENT,N Environmental Protection
300267.SZ,ER-KANG,C Manufacturing
300268.SZ,JOYVIO FOOD,C Manufacturing
300269.SZ,LIANTRONICS,L Business Support
300270.SZ,OB TELECOM,C Manufacturing
300271.SZ,THUNISOFT,I IT
300272.SZ,CANATURE,C Manufacturing
300273.SZ,HOKAI MEDICAL,C Manufacturing
300274.SZ,SUNGROW POWER SUPPLY,C Manufacturing
300275.SZ,MAS,I IT
300276.SZ,SANFENG INTELLIGENT,C Manufacturing
300277.SZ,HIRISUN,I IT
300278.SZ,HUACHANGDA,C Manufacturing
300279.SZ,HODGEN,C Manufacturing
300280.SZ,ZITIAN TECHNOLOGY,L Business Support
300281.SZ,JMJJ,C Manufacturing
300282.SZ,SANSHENG EDUCATION,C Manufacturing
300283.SZ,WENZHOU HONGFENG,C Manufacturing
300284.SZ,JSTI,M Research & Development
300285.SZ,SINOCERA MATERIAL,C Manufacturing
300286.SZ,ACREL,C Manufacturing
300287.SZ,PHLX,I IT
300288.SZ,LONGMASTER INFO-TECH,I IT
300289.SZ,LEADMAN,C Manufacturing
300290.SZ,BRINGSPRING TECH.,I IT
300291.SZ,HLBN,R Media
300292.SZ,WTKG,I IT
300293.SZ,SBS,C Manufacturing
300294.SZ,BOYA BIOLOGY,C Manufacturing
300295.SZ,EVERYDAY NETWORK,I IT
300296.SZ,LEYARD,C Manufacturing
300297.SZ,BLUEDON,I IT
300298.SZ,CHANGSHA SINOCARE,C Manufacturing
300299.SZ,FUCHUN TECHNOLOGY,I IT
300300.SZ,HXCX,I IT
300301.SZ,CHANGFANG GROUP,C Manufacturing
300302.SZ,TOYOU,I IT
300303.SZ,JFLED,C Manufacturing
300304.SZ,YYDQ,C Manufacturing
300305.SZ,YXGF,C Manufacturing
300306.SZ,EVERFINE,C Manufacturing
300307.SZ,CIXING,C Manufacturing
300308.SZ,ZHONGJI INNOLIGHT,C Manufacturing
300309.SZ,GI-TECH,J Finance
300310.SZ,EASTONE CENTURY,I IT
300311.SZ,SURFILTER,I IT
300312.SZ,BOOMSENSE,I IT
300313.SZ,TIANSHAN BIO,A Agriculture
300314.SZ,DAVID MEDICAL,C Manufacturing
300315.SZ,OURPALM,I IT
300316.SZ,JINGSHENG,C Manufacturing
300317.SZ,JIAWEI  ENERGY,C Manufacturing
300318.SZ,BOHUI INNOVATION,C Manufacturing
300319.SZ,MICROGATE TECH,C Manufacturing
300320.SZ,HAIDA,C Manufacturing
300321.SZ,TONGDA STOCK,C Manufacturing
300322.SZ,SPEED,C Manufacturing
300323.SZ,HC SEMITEK,C Manufacturing
300324.SZ,WATERTEK,I IT
300325.SZ,DEWEI MATERIALS,C Manufacturing
300326.SZ,KINETIC,C Manufacturing
300327.SZ,SINO WEALTH,C Manufacturing
300328.SZ,EONTEC,C Manufacturing
300329.SZ,HAILUN PIANO,C Manufacturing
300330.SZ,HHJT,I IT
300331.SZ,SVG,C Manufacturing
300332.SZ,TRCE,D Utilities
300333.SZ,SINOSUN,I IT
300334.SZ,TMMT,C Manufacturing
300335.SZ,DEVOTION,D Utilities
300336.SZ,NCG,L Business Support
300337.SZ,YINBANG CLAD,C Manufacturing
300338.SZ,KAIYUAN EDU,P Education
300339.SZ,HOPERUN SOFTWARE,I IT
300340.SZ,KANHOO,C Manufacturing
300341.SZ,MOTIC ELECTRIC,C Manufacturing
300342.SZ,TIANYIN,C Manufacturing
300343.SZ,LECRON,C Manufacturing
300344.SZ,CDT,I IT
300345.SZ,HUAMIN,C Manufacturing
300346.SZ,NATA OPTO-ELECT,C Manufacturing
300347.SZ,TIGERMED,M Research & Development
300348.SZ,SUNLINE,I IT
300349.SZ,GOLDCARD,I IT
300350.SZ,HUAPENGFEI,I IT
300351.SZ,YGDQ,C Manufacturing
300352.SZ,VRV,I IT
300353.SZ,KYLAND,C Manufacturing
300354.SZ,DONGHUA TESTING,C Manufacturing
300355.SZ,MCST,N Environmental Protection
300356.SZ,ELEFIRST,C Manufacturing
300357.SZ,WOLWO PHARMA,C Manufacturing
300358.SZ,TRUKING TECHNOLOGY,C Manufacturing
300359.SZ,QTEDU,I IT
300360.SZ,SUNRISE TECHNOLOGY,C Manufacturing
300363.SZ,PORTON,C Manufacturing
300364.SZ,COL,R Media
300365.SZ,FOREVER TECH.,I IT
300366.SZ,TROY INFORMATION,I IT
300367.SZ,NETPOSA,C Manufacturing
300368.SZ,HUIJIN ELECTRO.,C Manufacturing
300369.SZ,NSFOCUS,I IT
300370.SZ,ETROL,C Manufacturing
300371.SZ,HUIZHONG,C Manufacturing
300373.SZ,YANGJIE TECHNOLOGY,C Manufacturing
300374.SZ,CRPC,C Manufacturing
300375.SZ,PENGLING,C Manufacturing
300376.SZ,EAST,C Manufacturing
300377.SZ,YSSTECH,I IT
300378.SZ,DIGIWIN,I IT
300379.SZ,TONGTECH,I IT
300380.SZ,AMARSOFT,I IT
300381.SZ,YDL,C Manufacturing
300382.SZ,SLAC,C Manufacturing
300383.SZ,GHXW,I IT
300384.SZ,SANLIAN HOPE,M Research & Development
300385.SZ,CECM,C Manufacturing
300386.SZ,FEITIAN,I IT
300387.SZ,FORBON,C Manufacturing
300388.SZ,CECEPGZ,N Environmental Protection
300389.SZ,ABSEN,C Manufacturing
300390.SZ,THCJ,C Manufacturing
300391.SZ,KANGYUE TECHNOLOGY,C Manufacturing
300392.SZ,TENSYN CHINA,I IT
300393.SZ,JOLYWOOD,C Manufacturing
300394.SZ,TFC,C Manufacturing
300395.SZ,FEILIHUA,C Manufacturing
300396.SZ,DIRUI,C Manufacturing
300397.SZ,THD,C Manufacturing
300398.SZ,PHICHEM,C Manufacturing
300399.SZ,TLKJ,I IT
300400.SZ,JT,C Manufacturing
300401.SZ,GARDEN BIO-CHEM,C Manufacturing
300402.SZ,NANJING BAOSE,C Manufacturing
300403.SZ,HANYU GROUP,C Manufacturing
300404.SZ,BOJI CRO,M Research & Development
300405.SZ,KELONG FINE CHEMICAL,C Manufacturing
300406.SZ,BSBE,C Manufacturing
300407.SZ,KEYVIA ELECTRIC,C Manufacturing
300408.SZ,CCTC,C Manufacturing
300409.SZ,DOWSTONE,C Manufacturing
300410.SZ,ZHENGYE,C Manufacturing
300411.SZ,JDGF,C Manufacturing
300412.SZ,CANAAN TECH.,C Manufacturing
300413.SZ,MANGO,R Media
300414.SZ,ZG LIGHTNING PROTECT,C Manufacturing
300415.SZ,YIZUMI,C Manufacturing
300416.SZ,SUSHI TESTING,M Research & Development
300417.SZ,NHYQ,C Manufacturing
300418.SZ,KUNLUN,I IT
300419.SZ,INTERACT,I IT
300420.SZ,WYTC,C Manufacturing
300421.SZ,JGBR,C Manufacturing
300422.SZ,BSK,N Environmental Protection
300423.SZ,SUNFLY TECHNOLOGY,C Manufacturing
300424.SZ,HANGXIN TECH.,C Manufacturing
300425.SZ,SCIMEE,C Manufacturing
300426.SZ,TALENT MEDIA,R Media
300427.SZ,RED PHASE INC.,C Manufacturing
300428.SZ,LZJT,C Manufacturing
300429.SZ,TRONLY,C Manufacturing
300430.SZ,CTN,C Manufacturing
300432.SZ,FULIN PM,C Manufacturing
300433.SZ,LENS,C Manufacturing
300434.SZ,JSYY,C Manufacturing
300435.SZ,ZHONGTAI CRYOGENIC,D Utilities
300436.SZ,COSUNTER,C Manufacturing
300437.SZ,QSY TECH.,C Manufacturing
300438.SZ,GREAT POWER,C Manufacturing
300439.SZ,MEDICALSYSTEM,C Manufacturing
300440.SZ,YUNDA,I IT
300441.SZ,BSC,C Manufacturing
300442.SZ,PRECISE,C Manufacturing
300443.SZ,JIN LEI,C Manufacturing
300444.SZ,SOJO,C Manufacturing
300445.SZ,CONST,C Manufacturing
300446.SZ,LUCKY INNOVATIVE,C Manufacturing
300447.SZ,QXGF,C Manufacturing
300448.SZ,HAOYUN TECHNOLOGIES,I IT
300449.SZ,HBGK,C Manufacturing
300450.SZ,LEAD INTELLIGENT,C Manufacturing
300451.SZ,B-SOFT,I IT
300452.SZ,SUNHERE,C Manufacturing
300453.SZ,SXYL,C Manufacturing
300454.SZ,SANGFOR,I IT
300455.SZ,CTROWELL,C Manufacturing
300456.SZ,SMEI,C Manufacturing
300457.SZ,YINGHE TECHNOLOGY,C Manufacturing
300458.SZ,ALLWINNERTECH,C Manufacturing
300459.SZ,TOM,I IT
300460.SZ,FAILONG CRYSTAL,C Manufacturing
300461.SZ,TANAC AUTOMATION,C Manufacturing
300462.SZ,HMZN,C Manufacturing
300463.SZ,MAKER BIOTECHNOLOGY,C Manufacturing
300464.SZ,SACA,F Wholesale & Retail
300465.SZ,GIT,I IT
300466.SZ,SAIMO TECHNOLOGY,C Manufacturing
300467.SZ,XYKJ,I IT
300468.SZ,FORMS SYNTRON,I IT
300469.SZ,CES,I IT
300470.SZ,SNS,C Manufacturing
300471.SZ,HOUPU,C Manufacturing
300472.SZ,NEWU,C Manufacturing
300473.SZ,DARE AUTO,C Manufacturing
300474.SZ,JINGJIA MICRO,C Manufacturing
300475.SZ,JULONG TECH,C Manufacturing
300476.SZ,VGT,C Manufacturing
300477.SZ,HEZONG,C Manufacturing
300478.SZ,HZGX,C Manufacturing
300479.SZ,SYNTHESISELECTRONIC,C Manufacturing
300480.SZ,GL TECH,C Manufacturing
300481.SZ,HUICHENG,C Manufacturing
300482.SZ,WONDFO BIOTECH,C Manufacturing
300483.SZ,SINO PRIMA GAS,B Mining
300484.SZ,V&T,C Manufacturing
300485.SZ,SCIENCE SUN,C Manufacturing
300486.SZ,OMH,C Manufacturing
300487.SZ,SUNRESIN,C Manufacturing
300488.SZ,EST  TOOLS,C Manufacturing
300489.SZ,"ZHONGFEI CD.,LTD",C Manufacturing
300490.SZ,HNAC,C Manufacturing
300491.SZ,TONHE TECH.,C Manufacturing
300492.SZ,HUATU CENDES,M Research & Development
300493.SZ,FORTUNE TECH,I IT
300494.SZ,CENTURY,I IT
300495.SZ,MSECO,N Environmental Protection
300496.SZ,THUNDERSOFT,I IT
300497.SZ,FUSHINE,C Manufacturing
300498.SZ,WENS,A Agriculture
300499.SZ,GOALAND,C Manufacturing
300500.SZ,TUS-DESIGN,M Research & Development
300501.SZ,HAISHUN,C Manufacturing
300502.SZ,EOPTOLINK,C Manufacturing
300503.SZ,HAOZHI INDUSTRIAL,C Manufacturing
300504.SZ,TIANYI,C Manufacturing
300505.SZ,KMCJNC,C Manufacturing
300506.SZ,MINKAVE,E Construction
300507.SZ,OLIVE SENSORS,C Manufacturing
300508.SZ,WEIHONG,I IT
300509.SZ,NEWAMSTAR,C Manufacturing
300510.SZ,JGGF,C Manufacturing
300511.SZ,XUERONG,A Agriculture
300512.SZ,ZHONGYA CORPORATION,C Manufacturing
300513.SZ,E-TECHSTAR,I IT
300514.SZ,FRIENDCOM,C Manufacturing
300515.SZ,SUNDY,C Manufacturing
300516.SZ,JIR,C Manufacturing
300517.SZ,HAIBO,E Construction
300518.SZ,SHENGXUNDA,I IT
300519.SZ,XINGUANG PHARMA,C Manufacturing
300520.SZ,GUOCHUANG,I IT
300521.SZ,AMSKY,C Manufacturing
300522.SZ,SUNMUN TECHNOLOGY,C Manufacturing
300523.SZ,GSAFETY,I IT
300525.SZ,BOSSSOFT,I IT
300526.SZ,CDWS,C Manufacturing
300527.SZ,CHINA HARZONE,C Manufacturing
300528.SZ,OMNIJOI,R Media
300529.SZ,JAFRON,C Manufacturing
300530.SZ,DAZHI,C Manufacturing
300531.SZ,UROVO,C Manufacturing
300532.SZ,NTI,I IT
300533.SZ,BINGCHUAN,I IT
300534.SZ,LSRF,C Manufacturing
300535.SZ,DOWELL INC.,C Manufacturing
300536.SZ,NUSUN LANDSCAPE,E Construction
300537.SZ,KUANGSHUN MATERIAL,C Manufacturing
300538.SZ,TYGF,F Wholesale & Retail
300539.SZ,HENGHE MOULD,C Manufacturing
300540.SZ,CSLP,C Manufacturing
300541.SZ,ADTEC,I IT
300542.SZ,BRILLIANCE TECH.,I IT
300543.SZ,SLIE,C Manufacturing
300545.SZ,LIANDE,C Manufacturing
300546.SZ,EMPTECH,C Manufacturing
300547.SZ,CHUANHUAN TECHNOLOGY,C Manufacturing
300548.SZ,BROADEX,C Manufacturing
300549.SZ,JOUDER PRECISION,C Manufacturing
300550.SZ,HEREN HEALTH,I IT
300551.SZ,GUAO TECHNOLOGY,C Manufacturing
300552.SZ,WANJI TECH,I IT
300553.SZ,JZABM,C Manufacturing
300554.SZ,SCAM,C Manufacturing
300555.SZ,LOOTOM,C Manufacturing
300556.SZ,SILKROAD VISION,I IT
300557.SZ,LGGK,C Manufacturing
300558.SZ,BETTA,C Manufacturing
300559.SZ,JIAFAET,I IT
300560.SZ,ZHONG FU TONG,I IT
300561.SZ,SGSG,I IT
300562.SZ,TRANSTEK,C Manufacturing
300563.SZ,SYGF,C Manufacturing
300564.SZ,ZHUBO,M Research & Development
300565.SZ,KEXIN TECH.,C Manufacturing
300566.SZ,EXCITON,C Manufacturing
300567.SZ,JCDZ,C Manufacturing
300568.SZ,SENIOR,C Manufacturing
300569.SZ,TIANNENG HEAVY INDUS,C Manufacturing
300570.SZ,T&S,C Manufacturing
300571.SZ,HAIT,I IT
300572.SZ,ANCHE,C Manufacturing
300573.SZ,XQYY,C Manufacturing
300575.SZ,FLAGCHEM,C Manufacturing
300576.SZ,RONGDA,C Manufacturing
300577.SZ,KORRUN,C Manufacturing
300578.SZ,BIZCONF,I IT
300579.SZ,BJCA,I IT
300580.SZ,BST,C Manufacturing
300581.SZ,CHENXI AVIATION,C Manufacturing
300582.SZ,INVENTRONICS,C Manufacturing
300583.SZ,STSW,C Manufacturing
300584.SZ,HICIN PHARMACEUTICAL,C Manufacturing
300585.SZ,ALDZ,C Manufacturing
300586.SZ,MALION,C Manufacturing
300587.SZ,TIANTIE INDUSTRY,C Manufacturing
300588.SZ,SAILING,I IT
300589.SZ,JIANGLONG,C Manufacturing
300590.SZ,QUECLINK,C Manufacturing
300591.SZ,WLM,C Manufacturing
300592.SZ,HUAKAI CREATIVE,R Media
300593.SZ,SUPLET,C Manufacturing
300594.SZ,LONGERTEK,C Manufacturing
300595.SZ,AUTEK,C Manufacturing
300596.SZ,LAL,C Manufacturing
300597.SZ,JDTX,I IT
300598.SZ,ARCHERMIND TECH.,I IT
300599.SZ,XSKJ,C Manufacturing
300600.SZ,GRKJ,C Manufacturing
300601.SZ,KANGTAI BIOLOGICAL,C Manufacturing
300602.SZ,FRD,C Manufacturing
300603.SZ,LAJS,I IT
300604.SZ,CCTECH,C Manufacturing
300605.SZ,HENGFENG INFO,I IT
300606.SZ,GOLDEN SUN,C Manufacturing
300607.SZ,TOPSTAR,C Manufacturing
300608.SZ,SI-TECH,I IT
300609.SZ,WINNERTECH,I IT
300610.SZ,YANGZHOU CHENHUA,C Manufacturing
300611.SZ,MEILI TECHNOLOGY,C Manufacturing
300612.SZ,SHUNYA INTERNATIONAL,L Business Support
300613.SZ,FHM,I IT
300614.SZ,BCCY,N Environmental Protection
300615.SZ,XTKJ,C Manufacturing
300616.SZ,SPZP,C Manufacturing
300617.SZ,ANKURA SMART POWER,C Manufacturing
300618.SZ,HANRUI COBALT,C Manufacturing
300619.SZ,GOLDEN MILKY WAY,C Manufacturing
300620.SZ,AFR,C Manufacturing
300621.SZ,WEIYE DECORATION,E Construction
300622.SZ,DOCTORGLASSES,F Wholesale & Retail
300623.SZ,JJWD,C Manufacturing
300624.SZ,WONDERSHARE,I IT
300625.SZ,PAK,C Manufacturing
300626.SZ,HUARUI,C Manufacturing
300627.SZ,HCDH,C Manufacturing
300628.SZ,YEALINK NETWORK,C Manufacturing
300629.SZ,KINGSTRONG,C Manufacturing
300630.SZ,PLZY,C Manufacturing
300631.SZ,JIUWU HI-TECH,C Manufacturing
300632.SZ,GOPRO,C Manufacturing
300633.SZ,SONOSCAPE,C Manufacturing
300634.SZ,RICHINFO,I IT
300635.SZ,SINODAAN,M Research & Development
300636.SZ,SYNERGY PHARMA,C Manufacturing
300637.SZ,YFXC,C Manufacturing
300638.SZ,FIBOCOM,C Manufacturing
300639.SZ,HYBRIBIO BIOTECH,C Manufacturing
300640.SZ,PROFIT C&C,C Manufacturing
300641.SZ,ZHENGDAN,C Manufacturing
300642.SZ,TELLGEN,C Manufacturing
300643.SZ,WTZK,C Manufacturing
300644.SZ,NANJING JULONG,C Manufacturing
300645.SZ,ZHENGYUAN ZHIHUI,I IT
300647.SZ,CPS,C Manufacturing
300648.SZ,NEBULA CORP.,C Manufacturing
300649.SZ,HANGZHOU LANDSCAPE,E Construction
300650.SZ,TECNON,F Wholesale & Retail
300651.SZ,JINLING SPORTS,C Manufacturing
300652.SZ,LDK,C Manufacturing
300653.SZ,ZHBIO,C Manufacturing
300654.SZ,ASTRO-CENTURY,R Media
300655.SZ,CCEM,C Manufacturing
300656.SZ,MINDEO,C Manufacturing
300657.SZ,HON-FLEX,C Manufacturing
300658.SZ,YANJAN,C Manufacturing
300659.SZ,ZFINFO,I IT
300660.SZ,JIANGSU LEILI,C Manufacturing
300661.SZ,SGMC,C Manufacturing
300662.SZ,CAREER INTERNATIONAL,L Business Support
300663.SZ,KLRJ,I IT
300664.SZ,PYHB,N Environmental Protection
300665.SZ,FEILU,C Manufacturing
300666.SZ,KFMI,C Manufacturing
300667.SZ,BEETECH,C Manufacturing
300668.SZ,JESJ,M Research & Development
300669.SZ,HANGZHOU HUNING,C Manufacturing
300670.SZ,DAYBRIGHT,C Manufacturing
300671.SZ,FINE MADE,I IT
300672.SZ,GOKE,C Manufacturing
300673.SZ,PETPAL TECH.,C Manufacturing
300674.SZ,YUSYS TECHNOLOGIES,I IT
300675.SZ,JKY,M Research & Development
300676.SZ,BGI GENOMICS,M Research & Development
300677.SZ,YKYL,C Manufacturing
300678.SZ,CASIT,I IT
300679.SZ,ECT,C Manufacturing
300680.SZ,LSKJ,C Manufacturing
300681.SZ,ENPOWER,C Manufacturing
300682.SZ,LONGSHINE,I IT
300683.SZ,HITECK,C Manufacturing
300684.SZ,JONES TECH PLC,C Manufacturing
300685.SZ,AMOYDX,C Manufacturing
300686.SZ,CDL,C Manufacturing
300687.SZ,SIE,I IT
300688.SZ,CYHM,L Business Support
300689.SZ,CTWY,C Manufacturing
300690.SZ,SHUANGYI TECH.,C Manufacturing
300691.SZ,UNION OPTECH,C Manufacturing
300692.SZ,ZHHB,N Environmental Protection
300693.SZ,SINEXCEL,C Manufacturing
300694.SZ,WXLH,C Manufacturing
300695.SZ,ZFGF,C Manufacturing
300696.SZ,ALD,C Manufacturing
300697.SZ,DGHJ,C Manufacturing
300698.SZ,WANMA TECH,C Manufacturing
300699.SZ,GW COMPOS,C Manufacturing
300700.SZ,DIALINE,C Manufacturing
300701.SZ,SENBA,C Manufacturing
300702.SZ,TIANYU PHARMA,C Manufacturing
300703.SZ,CRE8 DIRECT,C Manufacturing
300705.SZ,JIUDIAN,C Manufacturing
300706.SZ,ACETRON,C Manufacturing
300707.SZ,VT INDUSTRIES,C Manufacturing
300708.SZ,FOCUS LIGHTINGS,C Manufacturing
300709.SZ,GIAN,C Manufacturing
300710.SZ,WLGD,C Manufacturing
300711.SZ,GHT,C Manufacturing
300712.SZ,YFGF,E Construction
300713.SZ,INCREASE,C Manufacturing
300715.SZ,"CANLON CO.,LTD",C Manufacturing
300716.SZ,GUO LI,C Manufacturing
300717.SZ,HUAXIN NEW MATERIAL,C Manufacturing
300718.SZ,CSB,C Manufacturing
300719.SZ,ANDAWELL,C Manufacturing
300720.SZ,HDM,C Manufacturing
300721.SZ,YIDA,C Manufacturing
300722.SZ,XINYU GUOKE,C Manufacturing
300723.SZ,YPH,C Manufacturing
300724.SZ,S.C,C Manufacturing
300725.SZ,PHARMABLOCK,C Manufacturing
300726.SZ,HONGDA ELECTRONICS,C Manufacturing
300727.SZ,RUNHE MAT.,C Manufacturing
300729.SZ,LOCTEK,C Manufacturing
300730.SZ,CREATOR INFORMATION,I IT
300731.SZ,KCXY,C Manufacturing
300732.SZ,SYY,M Research & Development
300733.SZ,XILING POWER,C Manufacturing
300735.SZ,DBG,C Manufacturing
300736.SZ,BYBON,O Resident Services
300737.SZ,KESHUN,C Manufacturing
300738.SZ,AOFEI DATA,I IT
300739.SZ,SUNSHINE CIRCUITS,C Manufacturing
300740.SZ,SYG,C Manufacturing
300741.SZ,HUABAO LIMITED,C Manufacturing
300742.SZ,YUEBOO POWER,C Manufacturing
300743.SZ,TODAYTEC,C Manufacturing
300745.SZ,SHINRY,C Manufacturing
300746.SZ,HANJIA DESIGN,M Research & Development
300747.SZ,RAYCUS,C Manufacturing
300748.SZ,JLYC,C Manufacturing
300749.SZ,TOPSTRONG,C Manufacturing
300750.SZ,CATL,C Manufacturing
300751.SZ,MAXWELL,C Manufacturing
300752.SZ,LONGLI,C Manufacturing
300753.SZ,APON,C Manufacturing
300755.SZ,VATS LIQUOR,F Wholesale & Retail
300756.SZ,JINMA RIDES,C Manufacturing
300757.SZ,ROBO,C Manufacturing
300758.SZ,HIFICHEM,C Manufacturing
300759.SZ,PHARMARON,M Research & Development
300760.SZ,MR,C Manufacturing
300761.SZ,LIHUA,A Agriculture
300762.SZ,JUSHRI,C Manufacturing
300763.SZ,JLKJ,C Manufacturing
300765.SZ,CSPC INNOVATION,C Manufacturing
300766.SZ,M.R.TECH,I IT
300767.SZ,QUAKESAFE TECHNOLOGY,C Manufacturing
300768.SZ,DPTECH,I IT
300769.SZ,DFNM,C Manufacturing
300770.SZ,XMGF,I IT
300771.SZ,ZHILAI TECH,C Manufacturing
300772.SZ,WINDEY,C Manufacturing
300773.SZ,LAKALA,I IT
300774.SZ,BGT GROUP,N Environmental Protection
300775.SZ,TRIANGLE DEFENSE,C Manufacturing
300776.SZ,DR LASER,C Manufacturing
300777.SZ,SINOFIBERS,C Manufacturing
300778.SZ,NLT,M Research & Development
300779.SZ,HCPECT,C Manufacturing
300780.SZ,DAWN PRECISION,C Manufacturing
300781.SZ,INSIGHT GROUP,L Business Support
300782.SZ,MAXSCEND,C Manufacturing
300783.SZ,THREE SQUIRRELS,F Wholesale & Retail
300785.SZ,ZDM,I IT
300786.SZ,GUOLIN TECHNOLOGY,C Manufacturing
300787.SZ,CE LINK,C Manufacturing
300788.SZ,CITIC PRESS,R Media
300789.SZ,TANGYUAN ELECTRIC,I IT
300790.SZ,YUTONG OPTICAL,C Manufacturing
300791.SZ,SIRIO,C Manufacturing
300792.SZ,ONECHANCE,I IT
300793.SZ,COSONIC,C Manufacturing
300795.SZ,MEORIENT,L Business Support
300796.SZ,BSM,C Manufacturing
300797.SZ,NCS,M Research & Development
300798.SZ,JIN JI,C Manufacturing
300799.SZ,ZUOJIANG TECH.,I IT
300800.SZ,LIHE,C Manufacturing
300801.SZ,TAIHE TECHNOLOGIES,C Manufacturing
300802.SZ,JUTZE,C Manufacturing
300803.SZ,COMPASS,J Finance
300805.SZ,BRANDMAX,L Business Support
300806.SZ,SIDIKE,C Manufacturing
300807.SZ,TIAMAES TECHNOLOGY,C Manufacturing
300808.SZ,GDDP,C Manufacturing
300809.SZ,HIECISE,C Manufacturing
300810.SZ,ZHONGKEHAIXUNDIGITAL,I IT
300811.SZ,POCO,C Manufacturing
300812.SZ,ETMADE,C Manufacturing
300813.SZ,TAILIN BIOTECH,C Manufacturing
300814.SZ,JOVE,C Manufacturing
300815.SZ,EIT,N Environmental Protection
300816.SZ,ACT BLUE,N Environmental Protection
300817.SZ,SF HOLDING,C Manufacturing
300818.SZ,NAIPU,C Manufacturing
300819.SZ,JUJIE MICRO,C Manufacturing
300820.SZ,INJET,C Manufacturing
300821.SZ,DYSILN,C Manufacturing
300822.SZ,BESTEK,C Manufacturing
300823.SZ,TJK MACHINERY,C Manufacturing
300824.SZ,BUYDEEM GROUP,C Manufacturing
300825.SZ,IAT,M Research & Development
300826.SZ,NJ SURVEYING MAPPING,M Research & Development
300827.SZ,SINENG,C Manufacturing
300828.SZ,RUIXIN TECH,C Manufacturing
300829.SZ,JDKJ,C Manufacturing
300830.SZ,JINXD,I IT
300831.SZ,PERI,C Manufacturing
300832.SZ,SNIBE,C Manufacturing
300833.SZ,HAOYANG,C Manufacturing
300835.SZ,SINOMAG TECH.,C Manufacturing
300836.SZ,KSTOPA INTELLIE,C Manufacturing
300837.SZ,ZKZG,C Manufacturing
300838.SZ,LINOR,C Manufacturing
300839.SZ,BOHUI CHEMICAL,C Manufacturing
300840.SZ,KUTESMART,C Manufacturing
300841.SZ,KANGHUA BIOLOGICAL,C Manufacturing
300842.SZ,DKEM,C Manufacturing
300843.SZ,SHENGLAN TECHNOLOGY,C Manufacturing
300844.SZ,S.P.I,M Research & Development
300845.SZ,JIEAN HI-TECH,I IT
300846.SZ,CAPITALONLINE,I IT
300847.SZ,ZCHG,C Manufacturing
300848.SZ,MRXC,C Manufacturing
300849.SZ,JINSHENG,C Manufacturing
300850.SZ,XQL SLEWING BEARING,C Manufacturing
300851.SZ,JIAODA SIGNAL,I IT
300852.SZ,FUSHI QUALITY,C Manufacturing
300853.SZ,SHENHAO TECHNOLOGY,C Manufacturing
300854.SZ,GAD ENVIRONMENTAL,N Environmental Protection
300855.SZ,TOLAND,C Manufacturing
300856.SZ,COSMOS,C Manufacturing
300857.SZ,SHARETRONIC DATA,C Manufacturing
300858.SZ,SCITOP BIO,C Manufacturing
300859.SZ,XIYU TOURISM,N Environmental Protection
300860.SZ,FENG SHANG CULTURE,R Media
300861.SZ,METRON,C Manufacturing
300862.SZ,LANDUN PHOTOELECTRON,C Manufacturing
300863.SZ,NBKBE,C Manufacturing
300864.SZ,NJUAE,N Environmental Protection
300865.SZ,DAHONGLI,C Manufacturing
300866.SZ,ANKER,C Manufacturing
300867.SZ,SYEP,N Environmental Protection
300868.SZ,JAME TECH.,C Manufacturing
300869.SZ,CONTEC,C Manufacturing
300870.SZ,OLT,C Manufacturing
300871.SZ,HVSEN BIOTECHNOLOGY,C Manufacturing
300872.SZ,TANSUN TECH.,I IT
300873.SZ,HIC,G Transportation
300875.SZ,JIEQIANG EQUIPMENTS,C Manufacturing
300876.SZ,MODERN HIGH-TECH,C Manufacturing
300877.SZ,JCGF,C Manufacturing
300878.SZ,WECOME,C Manufacturing
300879.SZ,DYGF,C Manufacturing
300880.SZ,JIANAN ELEC,C Manufacturing
300881.SZ,SHENGTAK,C Manufacturing
300882.SZ,WELLSUN,C Manufacturing
300883.SZ,LD,C Manufacturing
300884.SZ,DNAKE,C Manufacturing
300885.SZ,SEASHINE,C Manufacturing
300886.SZ,HYXL,C Manufacturing
300887.SZ,PONY TESTING GROUP,M Research & Development
300888.SZ,WINNERMEDICAL,C Manufacturing
300889.SZ,EXC,C Manufacturing
300890.SZ,XFH,C Manufacturing
300891.SZ,HYTY,C Manufacturing
300892.SZ,PINLIVE,F Wholesale & Retail
300893.SZ,SYGF,C Manufacturing
300894.SZ,MARSSENGER,C Manufacturing
300895.SZ,TOPNEW INFO,I IT
300896.SZ,IMEIK,C Manufacturing
300897.SZ,SKZN,C Manufacturing
300898.SZ,PANDA DAIRY,C Manufacturing
300899.SZ,KEYSINO TECH,N Environmental Protection
300900.SZ,GLAVI,C Manufacturing
300901.SZ,ZOENN DESIGN,M Research & Development
300902.SZ,GAD,C Manufacturing
300903.SZ,KINGSHINE,C Manufacturing
300905.SZ,PPM (SUZHOU),C Manufacturing
300906.SZ,EVERBRIGHT,C Manufacturing
300907.SZ,KP TECH,C Manufacturing
300908.SZ,ZHONGJING FOOD,C Manufacturing
300909.SZ,HCD,C Manufacturing
300910.SZ,RICHFUL,C Manufacturing
300911.SZ,ENTIVE,C Manufacturing
300912.SZ,KAILONG HIGH TECH,N Environmental Protection
300913.SZ,ZHAOLONG,C Manufacturing
300915.SZ,HIROAD,C Manufacturing
300916.SZ,LONGTECH,C Manufacturing
300917.SZ,SDGS,K Real Estate
300918.SZ,NANSHAN FASHION,C Manufacturing
300919.SZ,CNGR,C Manufacturing
300920.SZ,RUNYANG TECH.,C Manufacturing
300921.SZ,NOVA TECH,I IT
300922.SZ,TIANQIN EQUIPMENT,C Manufacturing
300923.SZ,YEAL,C Manufacturing
300925.SZ,FARBEN INFORMATION,I IT
300926.SZ,BOJUN TECHNOLOGY,C Manufacturing
300927.SZ,JIANGTIANCHEMICAL,C Manufacturing
300928.SZ,HAXC,M Research & Development
300929.SZ,HUAQITECH,N Environmental Protection
300930.SZ,YITONG NEW MATERIALS,C Manufacturing
300931.SZ,GENERAL ELEVATOR,C Manufacturing
300932.SZ,SANYOU CORP.,C Manufacturing
300933.SZ,ZCGF,C Manufacturing
300935.SZ,YJK,I IT
300936.SZ,ZYST,C Manufacturing
300937.SZ,YEG MEDICAL,F Wholesale & Retail
300938.SZ,EMTEK,M Research & Development
300939.SZ,AV-DISPLAY,C Manufacturing
300940.SZ,NJG,C Manufacturing
300941.SZ,CHASE,I IT
300942.SZ,BIOEASY,C Manufacturing
300943.SZ,CHZK,C Manufacturing
300945.SZ,MCLON,F Wholesale & Retail
300946.SZ,HENGDA NEW MATERIALS,C Manufacturing
300947.SZ,DOBE GROUP,L Business Support
300948.SZ,GREENSUM ECOLOGY,N Environmental Protection
300949.SZ,L&A DESIGN,M Research & Development
300950.SZ,DORIGHT,C Manufacturing
300951.SZ,BSCTECH,C Manufacturing
300952.SZ,HANVO SAFETY,C Manufacturing
300953.SZ,ZHENYU TECH,C Manufacturing
300955.SZ,JAHEN,C Manufacturing
300956.SZ,ANHUI SHINY,C Manufacturing
300957.SZ,BTN,C Manufacturing
300958.SZ,BCEER,N Environmental Protection
300959.SZ,ONLINE OFFLINE,I IT
300960.SZ,TYKJ,C Manufacturing
300961.SZ,HYNAR WATER,N Environmental Protection
300962.SZ,ZHONGJIN IRRADIATION,C Manufacturing
300963.SZ,ZHONGZHOU ALLOY,C Manufacturing
300964.SZ,ALLFAVOR,C Manufacturing
300965.SZ,HENGYU DATACOM,C Manufacturing
300966.SZ,GOTO BIOPHARM,C Manufacturing
300967.SZ,XMGFGS,A Agriculture
300968.SZ,GCPC,C Manufacturing
300969.SZ,HMC,C Manufacturing
300970.SZ,HUALV BIO,A Agriculture
300971.SZ,BOYA PRECISION INDU,C Manufacturing
300972.SZ,WANCHEN BIOTECH,A Agriculture
300973.SZ,LIGAO FOODS,C Manufacturing
300975.SZ,SUNLORD ELECTRONICS,F Wholesale & Retail
300976.SZ,TARRY,C Manufacturing
300977.SZ,RIDGE,M Research & Development
300978.SZ,DJCORP,C Manufacturing
300979.SZ,HLIG,C Manufacturing
300980.SZ,XIANGYUAN,C Manufacturing
300981.SZ,ZHYL,C Manufacturing
300982.SZ,SWEET,E Construction
300983.SZ,UA,M Research & Development
300984.SZ,JWPM,C Manufacturing
300985.SZ,ZHIYUAN NEW ENERGY,C Manufacturing
300986.SZ,GETO,C Manufacturing
300987.SZ,CWCM,I IT
300988.SZ,JRTY,C Manufacturing
300989.SZ,LAYOUT,M Research & Development
300990.SZ,TONG FEI,C Manufacturing
300991.SZ,CHY,C Manufacturing
300992.SZ,TAIFU PUMP,C Manufacturing
300993.SZ,YUMA SUN-SHADING,C Manufacturing
300994.SZ,JOYKIE,C Manufacturing
300995.SZ,QDXC,C Manufacturing
300996.SZ,PANSOFT,I IT
300997.SZ,HLJ,C Manufacturing
300998.SZ,NINGBO FANGZHENG,C Manufacturing
300999.SZ,ARAWANA,C Manufacturing
301000.SZ,ZMKJ,C Manufacturing
301001.SZ,KAYTUNE,I IT
301002.SZ,SOSEN ELECTRONICS,C Manufacturing
301003.SZ,BOILN,C Manufacturing
301004.SZ,CAYI,C Manufacturing
301005.SZ,SHCJ,C Manufacturing
301006.SZ,METER INSTRUMENTS,C Manufacturing
301007.SZ,DMS,C Manufacturing
301008.SZ,HONGCHANG,C Manufacturing
301009.SZ,COCO,C Manufacturing
301010.SZ,JINGXUE INSULATION,C Manufacturing
301011.SZ,HLKJ,C Manufacturing
301012.SZ,YDKJ,C Manufacturing
301013.SZ,LIHEXING,C Manufacturing
301015.SZ,BAHEAL MEDICAL,F Wholesale & Retail
301016.SZ,LEW,C Manufacturing
301017.SZ,SHUYU PHARMACY,F Wholesale & Retail
301018.SZ,SHENLING,C Manufacturing
301019.SZ,COLOR MASTER BATCH,C Manufacturing
301020.SZ,MFKJ,C Manufacturing
301021.SZ,INNO LASER,C Manufacturing
301022.SZ,HTK,C Manufacturing
301023.SZ,JIANGNAN YIFAN,C Manufacturing
301024.SZ,HYP-ARCH,M Research & Development
301025.SZ,DOOK,R Media
301026.SZ,HOOTECH,C Manufacturing
301027.SZ,HLJT,M Research & Development
301028.SZ,EAMI,C Manufacturing
301029.SZ,YHD,C Manufacturing
301030.SZ,SJEF,C Manufacturing
301031.SZ,SINOFUSE ELECTRIC,C Manufacturing
301032.SZ,XCGF,C Manufacturing
301033.SZ,MEDPRIN,C Manufacturing
301035.SZ,RAINBOW CHEMICAL,C Manufacturing
301036.SZ,SUNLOUR,C Manufacturing
301037.SZ,BLJ,C Manufacturing
301038.SZ,SWPD,M Research & Development
301039.SZ,CIMC VEHICLES,C Manufacturing
301040.SZ,ZHHL,C Manufacturing
301041.SZ,KINGBROTHER,C Manufacturing
301042.SZ,RAYSHARP,C Manufacturing
301043.SZ,NEDFON,C Manufacturing
301045.SZ,TALANT,C Manufacturing
301046.SZ,NENGHUI TECH.,M Research & Development
301047.SZ,SINO BIOLOGICAL,M Research & Development
301048.SZ,GEMAC,C Manufacturing
301049.SZ,CHAOYUE TECHNOLOGY,N Environmental Protection
301050.SZ,RML,C Manufacturing
301051.SZ,XINHAO PH.,C Manufacturing
301052.SZ,GUOMAI,R Media
301053.SZ,YOANTION,C Manufacturing
301055.SZ,ZXQ,C Manufacturing
301056.SZ,SICHER,C Manufacturing
301057.SZ,HLXC,C Manufacturing
301058.SZ,COFCO ET,M Research & Development
301059.SZ,JSJ,C Manufacturing
301060.SZ,LABWAY,F Wholesale & Retail
301061.SZ,MOTO,C Manufacturing
301062.SZ,SHANGHAI AILU,C Manufacturing
301063.SZ,HAIGUO,C Manufacturing
301065.SZ,BENLI TECHNOLOGY,C Manufacturing
301066.SZ,WENSLI,C Manufacturing
301067.SZ,FULLINK,C Manufacturing
301068.SZ,DDHY,C Manufacturing
301069.SZ,KS NEW MATERIALS,C Manufacturing
301070.SZ,KALE,C Manufacturing
301071.SZ,LILIANG DIAMOND,C Manufacturing
301072.SZ,ZHONGJIE TECH.,C Manufacturing
301073.SZ,SSAW HOTELS,H Hotels & Catering
301075.SZ,DUO RUI PHARMA,C Manufacturing
301076.SZ,SINO-HIGH,C Manufacturing
301077.SZ,CHINASTARS,C Manufacturing
