Symbol,Company,Sector
14D.AX,1414 Degrees Ltd,Industrials
1ST.AX,1ST Group Ltd,Health Care
3PL.AX,3P Learning Ltd,Consumer Discretionary
4DS.AX,4DS Memory Ltd,Information Technology
5GN.AX,5G Networks Ltd,
88E.AX,88 Energy Ltd,Energy
8CO.AX,8COMMON Ltd,Information Technology
8IH.AX,8I Holdings Ltd,Financials
8EC.AX,8IP Emerging Companies Ltd,
8VI.AX,8VIC Holdings Ltd,Consumer Discretionary
9SP.AX,9 Spokes International Ltd,Information Technology
ACB.AX,A-Cap Energy Ltd,Energy
A2B.AX,A2B Australia Ltd,Industrials
ABP.AX,Abacus Property Group,Real Estate
ABL.AX,Abilene Oil and Gas Ltd,Energy
AEG.AX,Absolute Equity Performance Fund Ltd,
ABT.AX,Abundant Produce Ltd,Consumer Staples
ACS.AX,Accent Resources NL,Materials
ACQ.AX,Acorn Capital Investment Fund Ltd,
ACF.AX,Acrow Formwork and Construction Services Ltd,Industrials
ACR.AX,ACRUX Ltd,Health Care
ACW.AX,Actinogen Medical Ltd,Health Care
ACU.AX,Acumentis Group Ltd,Real Estate
AD1.AX,AD1 Holdings Ltd,Communication Services
ADA.AX,Adacel Technologies Ltd,Information Technology
ADH.AX,Adairs Ltd,Consumer Discretionary
1AD.AX,Adalta Ltd,Health Care
ADD.AX,Adavale Resources Ltd,Energy
ABC.AX,Adelaide Brighton Ltd,Materials
ADR.AX,Adherium Ltd,Health Care
AHZ.AX,Admedus Ltd,Health Care
ADY.AX,Admiralty Resources NL,Materials
ADT.AX,Adriatic Metals Plc,Materials
ADJ.AX,Adslot Ltd,Information Technology
ABV.AX,Advanced Braking Technology Ltd,Consumer Discretionary
ADX.AX,ADX Energy Ltd,Energy
AER.AX,Aeeris Ltd,Communication Services
AEI.AX,Aeris Environmental Ltd,Industrials
AFL.AX,Af Legal Group Ltd,Industrials
AEB.AX,Affinity Energy and Health Ltd,Health Care
AFR.AX,African Energy Resources Ltd,Energy
A1G.AX,African Gold Ltd,Materials
AFT.AX,AFT Corporation Ltd,Information Technology
AFP.AX,Aft Pharmaceuticals Ltd,Health Care
AGL.AX,AGL Energy Ltd,Utilities
AGJ.AX,Agricultural Land Trust,Real Estate
AGR.AX,Aguia Resources Ltd,Materials
AHL.AX,Ahalife Holdings Ltd,Consumer Discretionary
A1M.AX,Aic Mines Ltd,Materials
AGI.AX,Ainsworth Game Technology Ltd,Consumer Discretionary
A40.AX,Alita Resources Ltd,Materials
AHQ.AX,Allegiance Coal Ltd,Materials
AGS.AX,Alliance Resources Ltd,Materials
AGE.AX,Alligator Energy Ltd,Energy
A4N.AX,Alpha Hpa Ltd,Materials
1AG.AX,Alterra Ltd,Industrials
AGH.AX,Althea Group Holdings Ltd,Health Care
3DA.AX,Amaero International Ltd,Industrials
ABR.AX,American Pacific Borates Ltd,Materials
ADN.AX,Andromeda Metals Ltd,Materials
AAR.AX,Anglo Australian Resources NL,Materials
AGG.AX,Anglogold Ashanti Ltd,Materials
ADO.AX,Anteotech Ltd,Health Care
AGX1.AX,Antipodes Global Shares (Quoted Managed Fund),
AHX.AX,Apiam Animal Health Ltd,Health Care
ADI.AX,Apn Industria REIT,Real Estate
ADV.AX,Ardiden Ltd,Materials
AGY.AX,Argosy Minerals Ltd,Materials
AHK.AX,Ark Mines Ltd,Materials
AAJ.AX,Aruma Resources Ltd,Materials
AHY.AX,Asaleo Care Ltd,Consumer Staples
AFA.AX,Asf Group Ltd,Financials
AHN.AX,Athena Resources Ltd,Materials
AIA.AX,Auckland International Airport Ltd,Industrials
ACP.AX,Audalia Resources Ltd,Materials
AD8.AX,Audinate Group Ltd,Information Technology
AEE.AX,Aura Energy Ltd,Energy
ABW.AX,Aurora Absolute Return Fund,
A3D.AX,Aurora Labs Ltd,Industrials
AC8.AX,Auscann Group Holdings Ltd,Health Care
AGD.AX,Austral Gold Ltd,Materials
AAC.AX,Australian Agricultural Company Ltd,Consumer Staples
AAP.AX,Australian Agricultural Projects Ltd,Consumer Staples
ABX.AX,Australian Bauxite Ltd,Materials
AHF.AX,Australian Dairy Nutritionals Group,Consumer Staples
AEF.AX,Australian Ethical Investment Ltd,Financials
AFG.AX,Australian Finance Group Ltd,Financials
AFI.AX,Australian Foundation Investment Company Ltd,
AGM.AX,Australian Governance & Ethical INDEX Fund,
ABA.AX,Auswide Bank Ltd,Financials
AEV.AX,Avenira Ltd,Materials
A200.AX,Betashares Australia 200 ETF,
AGVT.AX,Betashares Australian Government Bond ETF,
AAA.AX,Betashares Australian High Interest Cash ETF,
ACDC.AX,ETFs Battery Tech & Lithium ETF,
4CE.AX,Force Commodities Ltd,Materials
360.AX,LIFE360 Inc,Information Technology
1AL.AX,Oneall International Ltd,Consumer Discretionary
3DP.AX,Pointerra Ltd,Information Technology
A2M.AX,The a2 Milk Company Ltd,Consumer Staples
2BE.AX,Tubi Ltd,Energy
AIB.AX,Aurora Global Income Trust,
AIQ.AX,Alternative Investment Trust,
AIR.AX,Astivita Ltd,Industrials
AIS.AX,Aeris Resources Ltd,Materials
AIV.AX,Activex Ltd,Materials
AIY.AX,Authorised Investment Fund Ltd,
AIZ.AX,Air New Zealand Ltd,Industrials
AJC.AX,Acacia Coal Ltd,Energy
AJJ.AX,Asian American Medical Group Ltd,Health Care
AJL.AX,AJ Lucas Group Ltd,Industrials
AJM.AX,Altura Mining Ltd,Materials
AJQ.AX,Armour Energy Ltd,Energy
AJX.AX,Alexium International Group Ltd,Materials
AJY.AX,Asaplus Resources Ltd,Materials
AKG.AX,Academies Australasia Group Ltd,Consumer Discretionary
AKM.AX,Aspire Mining Ltd,Materials
AKN.AX,Auking Mining Ltd,Materials
AKP.AX,Audio Pixels Holdings Ltd,Consumer Discretionary
AL3.AX,AML3D Ltd,Industrials
AL8.AX,Alderan Resources Ltd,Materials
ALC.AX,Alcidion Group Ltd,Health Care
ALF.AX,Australian Leaders Fund Ltd,
ALG.AX,Ardent Leisure Group Ltd,Consumer Discretionary
ALI.AX,Argo Global Listed Infrastructure Ltd,
ALK.AX,Alkane Resources Ltd,Materials
ALL.AX,Aristocrat Leisure Ltd,Consumer Discretionary
ALQ.AX,Als Ltd,Industrials
ALT.AX,Analytica Ltd,Health Care
ALU.AX,Altium Ltd,Information Technology
ALX.AX,Atlas Arteria,Industrials
ALY.AX,Alchemy Resources Ltd,Materials
AMA.AX,AMA Group Ltd,Industrials
AMB.AX,Ambition Group Ltd,Industrials
AMC.AX,Amcor Plc,Materials
AMD.AX,Arrow Minerals Ltd,Materials
AME.AX,Alto Metals Ltd,Materials
AMG.AX,Ausmex Mining Group Ltd,Materials
AMH.AX,Amcil Ltd,
AMI.AX,Aurelia Metals Ltd,Materials
AML.AX,Aeon Metals Ltd,Materials
AMN.AX,Agrimin Ltd,Materials
AMO.AX,Ambertech Ltd,Information Technology
AMP.AX,AMP Ltd,Financials
AMS.AX,Atomos Ltd,Consumer Discretionary
AMT.AX,Allegra Orthopaedics Ltd,Health Care
AMX.AX,Aerometrex Ltd,Industrials
ANA.AX,Ansila Energy NL,Energy
ANG.AX,Austin Engineering Ltd,Industrials
ANL.AX,Amani Gold Ltd,Materials
ANN.AX,Ansell Ltd,Health Care
ANO.AX,Advance Nanotek Ltd,Materials
ANP.AX,Antisense Therapeutics Ltd,Health Care
ANR.AX,Anatara Lifesciences Ltd,Health Care
ANS.AX,Austsino Resources Group Ltd,Materials
ANW.AX,Aus Tin Mining Ltd,Materials
ANZ.AX,Australia and New Zealand Banking Group Ltd,Financials
AO1.AX,Assetowl Ltd,Information Technology
AOA.AX,Ausmon Resources Ltd,Materials
AOF.AX,Australian Unity Office Fund,Real Estate
AON.AX,Apollo Minerals Ltd,Materials
AOP.AX,Apollo Consolidated Ltd,Materials
AOU.AX,Auroch Minerals Ltd,Materials
AOW.AX,American Patriot Oil & Gas Ltd,Energy
APA.AX,APA Group,Utilities
APC.AX,Australian Potash Ltd,Materials
APD.AX,Apn Property Group,Financials
APE.AX,AP Eagers Ltd,Consumer Discretionary
APG.AX,Austpac Resources NL,Materials
APH.AX,Australian Primary Hemp Ltd,Health Care
API.AX,Australian Pharmaceutical Industries Ltd,Health Care
APL.AX,Antipodes Global Investment Company Ltd,
APT.AX,Afterpay Ltd,Information Technology
APV.AX,Appsvillage Australia Ltd,Information Technology
APW.AX,Aims Property Securities Fund,Real Estate
APX.AX,Appen Ltd,Information Technology
APZ.AX,Aspen Group,Real Estate
AQC.AX,Australian Pacific Coal Ltd,Materials
AQD.AX,Ausquest Ltd,Materials
AQG.AX,Alacer Gold Corp,Materials
AQI.AX,Alicanto Minerals Ltd,Materials
AQR.AX,Apn Convenience Retail REIT,Real Estate
AQS.AX,AQUIS Entertainment Ltd,Consumer Discretionary
AQX.AX,Alice QUEEN Ltd,Materials
AQZ.AX,Alliance Aviation Services Ltd,Industrials
AR9.AX,Archtis Ltd,Information Technology
ARA.AX,Ariadne Australia Ltd,Industrials
ARB.AX,ARB Corporation Ltd,Consumer Discretionary
ARC.AX,Australian Rural Capital Ltd,Financials
ARD.AX,Argent Minerals Ltd,Materials
ARE.AX,Argonaut Resources NL,Materials
ARF.AX,Arena REIT,Real Estate
ARG.AX,Argo Investments Ltd,
ARL.AX,Ardea Resources Ltd,Materials
ARM.AX,Aurora Minerals Ltd,Materials
ARN.AX,Aldoro Resources Ltd,Materials
ARO.AX,Astro Resources NL,Materials
ARQ.AX,ARQ Group Ltd,Information Technology
ARS.AX,Alt Resources Ltd,Materials
ARU.AX,Arafura Resources Ltd,Materials
ARV.AX,Artemis Resources Ltd,Materials
AS1.AX,Angel Seafood Holdings Ltd,Consumer Staples
ASB.AX,Austal Ltd,Industrials
ASG.AX,Autosports Group Ltd,Consumer Discretionary
ASH.AX,Ashley Services Group Ltd,Industrials
ASIA.AX,Betashares Asia Technology Tigers ETF,
ASN.AX,Anson Resources Ltd,Materials
ASP.AX,Aspermont Ltd,Communication Services
ASQ.AX,Australian Silica Quartz Group Ltd,Materials
AST.AX,Ausnet Services Ltd,Utilities
ASW.AX,Advanced Share Registry Ltd,Financials
ASX.AX,ASX Ltd,Financials
AT1.AX,Atomo Diagnostics Ltd,
ATC.AX,Altech Chemicals Ltd,Materials
ATEC.AX,Betashares S&P/ASX Australian Technology ETF,
ATH.AX,Alterity Therapeutics Ltd,Health Care
ATL.AX,Apollo Tourism & Leisure Ltd,Consumer Discretionary
ATM.AX,Aneka Tambang (Persero) TBK (PT),Materials
ATP.AX,Atlas Pearls Ltd,Consumer Discretionary
ATR.AX,Astron Corporation Ltd,Materials
ATS.AX,Australis Oil & Gas Ltd,Energy
ATU.AX,Atrum Coal Ltd,Materials
ATX.AX,Amplia Therapeutics Ltd,Health Care
AU1.AX,The Agency Group Australia Ltd,Real Estate
AU8.AX,Aumake International Ltd,Consumer Discretionary
AUB.AX,AUB Group Ltd,Financials
AUC.AX,Ausgold Ltd,Materials
AUDS.AX,Betashares Strong Australian Dollar Fund (Hedge Fund),
AUH.AX,Austchina Holdings Ltd,Energy
AUI.AX,Australian United Investment Company Ltd,
AUL.AX,Austar Gold Ltd,Materials
AUMF.AX,Ishares Edge MSCI Australia Multifactor ETF,
AUP.AX,Aurora Property Buy-Write Income Trust,
AUQ.AX,Alara Resources Ltd,Materials
AUR.AX,Auris Minerals Ltd,Materials
AUST.AX,Betashares Managed Risk Australian Share Fund,
AUT.AX,Auteco Minerals Ltd,Materials
AUZ.AX,Australian Mines Ltd,Materials
AV1.AX,Adveritas Ltd,Information Technology
AVA.AX,AVA Risk Group Ltd,Information Technology
AVC.AX,Auctus Alternative Investments Ltd,Financials
AVE.AX,Avecho Biotechnology Ltd,Health Care
AVG.AX,Australian Vintage Ltd,Consumer Staples
AVH.AX,Avita Medical Ltd,Health Care
AVJ.AX,Avjennings Ltd,Real Estate
AVL.AX,Australian Vanadium Ltd,Materials
AVN.AX,Aventus Group,Real Estate
AVQ.AX,Axiom Mining Ltd,Materials
AVW.AX,Avira Resources Ltd,Materials
AVZ.AX,AVZ Minerals Ltd,Materials
AWC.AX,Alumina Ltd,Materials
AWN.AX,Arowana International Ltd,Industrials
AWV.AX,Anova Metals Ltd,Materials
AWY.AX,Australian Whisky Holdings Ltd,Consumer Staples
AX1.AX,Accent Group Ltd,Consumer Discretionary
AX8.AX,Accelerate Resources Ltd,Materials
AXE.AX,Archer Materials Ltd,Materials
AXI.AX,Axiom Properties Ltd,Real Estate
AXT.AX,Argo Exploration Ltd,Materials
AYF.AX,Australian Enhanced Income Fund,
AYI.AX,A1 Investments & Resources Ltd,Financials
AYM.AX,Australia United Mining Ltd,Materials
AYR.AX,Alloy Resources Ltd,Materials
AYS.AX,Amaysim Australia Ltd,
AZI.AX,Alta ZINC Ltd,Materials
AZJ.AX,Aurizon Holdings Ltd,Industrials
AZS.AX,AZURE Minerals Ltd,Materials
AZT.AX,AZURE Health Tech,Information Technology
AZV.AX,AZURE Healthcare Ltd,Health Care
AZY.AX,Antipa Minerals Ltd,Materials
B2Y.AX,Bounty Mining Ltd,Materials
BAF.AX,Blue Sky Alternatives Access Fund Ltd,
BAP.AX,Bapcor Ltd,Consumer Discretionary
BAR.AX,Barra Resources Ltd,Materials
BAS.AX,Bass Oil Ltd,Energy
BAT.AX,Battery Minerals Ltd,Materials
BBC.AX,BNK Banking Corporation Ltd,Financials
BBL.AX,Brisbane Broncos Ltd,Communication Services
BBN.AX,Baby Bunting Group Ltd,Consumer Discretionary
BBOZ.AX,Betashares Australian Equities Strongbearhedgefund,
BBUS.AX,Betashares US EQ Strong Bear Hdge FND-CRNCY Hdged,
BBX.AX,BBX Minerals Ltd,Materials
BC8.AX,Black Cat Syndicate Ltd,Materials
BCB.AX,Bowen Coking Coal Ltd,Materials
BCC.AX,Beam Communications Holdings Ltd,Information Technology
BCI.AX,BCI Minerals Ltd,Materials
BCK.AX,Brockman Mining Ltd,Materials
BCL.AX,Bunji Corporation Ltd,Energy
BCN.AX,Beacon Minerals Ltd,Materials
BCT.AX,Bluechiip Ltd,Information Technology
BD1.AX,BARD1 Life Sciences Ltd,Health Care
BDA.AX,Bod Australia Ltd,Consumer Discretionary
BDC.AX,Bardoc Gold Ltd,Materials
BDG.AX,Black Dragon Gold Corp,Materials
BDI.AX,Blina Minerals NL,Materials
BEAR.AX,Betashares Australian Equities Bear Hedge Fund,
BEE.AX,Broo Ltd,Consumer Staples
BEL.AX,Bentley Capital Ltd,
BEM.AX,Blackearth Minerals NL,Materials
BEN.AX,Bendigo and Adelaide Bank Ltd,Financials
BET.AX,Betmakers Technology Group Ltd,Consumer Discretionary
BFC.AX,Beston Global Food Company Ltd,Consumer Staples
BFG.AX,Bell Financial Group Ltd,Financials
BGA.AX,Bega Cheese Ltd,Consumer Staples
BGL.AX,Bellevue Gold Ltd,Materials
BGP.AX,Briscoe Group Australasia Ltd,Consumer Discretionary
BGT.AX,Bio-Gene Technology Ltd,Materials
BHD.AX,Benjamin Hornigold Ltd,
BHL.AX,Boyuan Holdings Ltd,Real Estate
BHP.AX,BHP Group Ltd,Materials
BID.AX,Bidenergy Ltd,Information Technology
BILL.AX,Ishares Core Cash ETF,
BIN.AX,Bingo Industries Ltd,Industrials
BIQ.AX,"Buildingiq, Inc",Information Technology
BIR.AX,BIR Financial Ltd,Financials
BIS.AX,Bisalloy Steel Group Ltd,Materials
BIT.AX,Biotron Ltd,Health Care
BKI.AX,BKI Investment Company Ltd,
BKL.AX,Blackmores Ltd,Consumer Staples
BKT.AX,Black Rock Mining Ltd,Materials
BKW.AX,Brickworks Ltd,Materials
BKY.AX,Berkeley Energia Ltd,Energy
BLA.AX,Blue Sky Alternative Investments Ltd,Financials
BLD.AX,Boral Ltd,Materials
BLG.AX,Bluglass Ltd,Information Technology
BLK.AX,Blackham Resources Ltd,Materials
BLU.AX,Blue Energy Ltd,Energy
BLV.AX,Blossomvale Holdings Ltd,Energy
BLX.AX,Beacon Lighting Group Ltd,Consumer Discretionary
BLY.AX,Boart Longyear Ltd,Materials
BLZ.AX,BLAZE International Ltd,Energy
BMG.AX,BMG Resources Ltd,Materials
BMH.AX,Baumart Holdings Ltd,Industrials
BMN.AX,Bannerman Resources Ltd,Energy
BNDS.AX,Betashares Legg Mason Australian Bond Fund (Managed Fund),
BNKS.AX,Betashares Global Banks ETF - Currency Hedged,
BNL.AX,Big Star Energy Ltd,Energy
BNO.AX,Bionomics Ltd,Health Care
BNR.AX,Bulletin Resources Ltd,Materials
BOA.AX,Boadicea Resources Ltd,Materials
BOC.AX,Bougainville Copper Ltd,Materials
BOE.AX,Boss Resources Ltd,Materials
BOL.AX,Boom Logistics Ltd,Industrials
BOND.AX,SPDR S&P/ASX Australian Bond Fund,
BOQ.AX,Bank of Queensland Ltd,Financials
BOT.AX,Botanix Pharmaceuticals Ltd,Health Care
BPH.AX,BPH Energy Ltd,Health Care
BPL.AX,Broken Hill Prospecting Ltd,Materials
BPP.AX,Babylon Pump & Power Ltd,Industrials
BPT.AX,Beach Energy Ltd,Energy
BRB.AX,Breaker Resources NL,Materials
BRG.AX,Breville Group Ltd,Consumer Discretionary
BRI.AX,Big River Industries Ltd,Materials
BRK.AX,Brookside Energy Ltd,Energy
BRL.AX,Bathurst Resources Ltd,Materials
BRN.AX,Brainchip Holdings Ltd,Information Technology
BRU.AX,Buru Energy Ltd,Energy
BRV.AX,Big River Gold Ltd,Materials
BSA.AX,BSA Ltd,Industrials
BSE.AX,Base Resources Ltd,Materials
BSL.AX,Bluescope Steel Ltd,Materials
BSM.AX,Bass Metals Ltd,Materials
BSP.AX,Black Star Petroleum Ltd,Energy
BSR.AX,Bassari Resources Ltd,Materials
BSX.AX,Blackstone Minerals Ltd,Materials
BTC.AX,BTC Health Ltd,
BTH.AX,Bigtincan Holdings Ltd,Information Technology
BTI.AX,Bailador Technology Investments Ltd,Financials
BUB.AX,Bubs Australia Ltd,Consumer Staples
BUD.AX,Buddy Technologies Ltd,Information Technology
BUG.AX,Buderim Group Ltd,Consumer Staples
BUX.AX,Buxton Resources Ltd,Materials
BUY.AX,Bounty Oil & Gas NL,Energy
BVS.AX,Bravura Solutions Ltd,Information Technology
BWF.AX,Blackwall Ltd,Financials
BWP.AX,BWP Trust,Real Estate
BWR.AX,Blackwall Property Trust,Real Estate
BWX.AX,BWX Ltd,Consumer Staples
BXB.AX,Brambles Ltd,Industrials
BXN.AX,Bioxyne Ltd,Consumer Staples
BYE.AX,Byron Energy Ltd,Energy
BYH.AX,Bryah Resources Ltd,Materials
BYI.AX,Beyond International Ltd,Communication Services
C6C.AX,Copper Mountain Mining Corporation,Materials
CA8.AX,Coassets Ltd,Financials
CAA.AX,Capral Ltd,Materials
CAD.AX,Caeneus Minerals Ltd,Materials
CAE.AX,Cannindah Resources Ltd,Materials
CAF.AX,Centrepoint Alliance Ltd,Financials
CAG.AX,Cape Range Ltd,Information Technology
CAI.AX,Calidus Resources Ltd,Materials
CAJ.AX,Capitol Health Ltd,Health Care
CAM.AX,Clime Capital Ltd,
CAN.AX,Cann Group Ltd,Health Care
CAP.AX,Carpentaria Resources Ltd,Materials
CAQ.AX,CAQ Holdings Ltd,Real Estate
CAR.AX,Carsales.com Ltd,Communication Services
CAT.AX,Catapult Group International Ltd,Information Technology
CAU.AX,Cronos Australia Ltd,Health Care
CAV.AX,Carnavale Resources Ltd,Materials
CAY.AX,Canyon Resources Ltd,Materials
CAZ.AX,Cazaly Resources Ltd,Materials
CBA.AX,Commonwealth Bank of Australia,Financials
CBE.AX,Cobre Ltd,Materials
CBR.AX,Carbon Revolution Ltd,Consumer Discretionary
CBY.AX,Canterbury Resources Ltd,Materials
CCA.AX,Change Financial Ltd,Information Technology
CCE.AX,Carnegie Clean Energy Ltd,Utilities
CCG.AX,Commschoice Group Ltd,Information Technology
CCJ.AX,County International Ltd,Energy
CCL.AX,Coca-Cola Amatil Ltd,Consumer Staples
CCP.AX,Credit Corp Group Ltd,Financials
CCV.AX,Cash Converters International,Financials
CCX.AX,City Chic Collective Ltd,Consumer Discretionary
CCZ.AX,Castillo Copper Ltd,Materials
CD1.AX,Cordish Dixon Private Equity Fund I,
CD2.AX,Cordish Dixon Private Equity Fund Ii,
CD3.AX,Cordish Dixon Private Equity Fund Iii,
CDA.AX,Codan Ltd,Information Technology
CDD.AX,Cardno Ltd,Industrials
CDH.AX,Chongherr Investments Ltd,Materials
CDM.AX,Cadence Capital Ltd,
CDP.AX,Carindale Property Trust,Real Estate
CDT.AX,Castle Minerals Ltd,Materials
CDV.AX,Cardinal Resources Ltd,Materials
CDX.AX,Cardiex Ltd,Health Care
CDY.AX,Cellmid Ltd,Health Care
CE1.AX,Calima Energy Ltd,Energy
CEL.AX,Challenger Exploration Ltd,Energy
CEN.AX,Contact Energy Ltd,Utilities
CETF.AX,Vaneck Vectors Ftse China A50 ETF,
CFE.AX,Cape Lambert Resources Ltd,Materials
CFO.AX,Cfoam Ltd,Industrials
CG1.AX,Carbonxt Group Ltd,Materials
CGA.AX,Contango Asset Management Ltd,Financials
CGB.AX,Cann Global Ltd,Health Care
CGC.AX,Costa Group Holdings Ltd,Consumer Staples
CGF.AX,Challenger Ltd,Financials
CGL.AX,The Citadel Group Ltd,Information Technology
CGM.AX,Cougar Metals NL,Materials
CGN.AX,Crater Gold Mining Ltd,Materials
CGO.AX,CPT Global Ltd,Information Technology
CGR.AX,CML Group Ltd,Financials
CGS.AX,Cogstate Ltd,Health Care
CHC.AX,Charter Hall Group,Real Estate
CHK.AX,Cohiba Minerals Ltd,Materials
CHN.AX,Chalice Gold Mines Ltd,Materials
CHZ.AX,Chesser Resources Ltd,Materials
CI1.AX,Credit Intelligence Ltd,Industrials
CIA.AX,Champion Iron Ltd,Materials
CIE.AX,Contango Income Generator Ltd,
CII.AX,Ci Resources Ltd,Materials
CIM.AX,Cimic Group Ltd,Industrials
CIN.AX,Carlton Investments Ltd,
CINPA.AX,Carlton Investments Ltd,Financials
CIO.AX,Connected Io Ltd,Information Technology
CIP.AX,Centuria Industrial REIT,Real Estate
CIW.AX,Clime Investment Management Ltd,Financials
CKA.AX,Cokal Ltd,Materials
CKF.AX,Collins Foods Ltd,Consumer Discretionary
CL1.AX,Class Ltd,Information Technology
CL8.AX,Collaborate Corporation Ltd,Consumer Discretionary
CLA.AX,Celsius Resources Ltd,Materials
CLB.AX,Candy Club Holdings Ltd,Consumer Staples
CLF.AX,Concentrated Leaders Fund Ltd,
CLH.AX,Collection House Ltd,Financials
CLI.AX,Croplogic Ltd,Industrials
CLQ.AX,Clean TEQ Holdings Ltd,Industrials
CLT.AX,Cellnet Group Ltd,Information Technology
CLV.AX,Clover Corporation Ltd,Materials
CLW.AX,Charter Hall Long Wale REIT,Real Estate
CLX.AX,Cti Logistics Ltd,Industrials
CLZ.AX,Classic Minerals Ltd,Materials
CM1.AX,Coolgardie Minerals Ltd,Materials
CM8.AX,Crowd Media Holdings Ltd,Communication Services
CMC.AX,China Magnesium Corporation Ltd,Materials
CMD.AX,Cassius Mining Ltd,Materials
CML.AX,Chase Mining Corporation Ltd,Materials
CMM.AX,Capricorn Metals Ltd,Materials
CMP.AX,Compumedics Ltd,Health Care
CMW.AX,Cromwell Property Group,Real Estate
CNB.AX,Carnaby Resources Ltd,Materials
CNEW.AX,Vaneck Vectors China New Economy ETF,
CNI.AX,Centuria Capital Group,Financials
CNJ.AX,Conico Ltd,Materials
CNL.AX,Celamin Holdings Ltd,Materials
CNU.AX,Chorus Ltd,
CNW.AX,Cirrus Networks Holdings Ltd,Information Technology
COB.AX,Cobalt Blue Holdings Ltd,Materials
COE.AX,Cooper Energy Ltd,Energy
COF.AX,Centuria Office REIT,Real Estate
COG.AX,Consolidated Operations Group Ltd,Financials
COH.AX,Cochlear Ltd,Health Care
COI.AX,Comet Ridge Ltd,Energy
COL.AX,Coles Group Ltd,Consumer Staples
COO.AX,Corum Group Ltd,Information Technology
CORE.AX,ETFs Global Core Infrastructure ETF,
COS.AX,Cosol Ltd,Information Technology
COY.AX,Coppermoly Ltd,Materials
CP1.AX,Cannpal Animal Therapeutics Ltd,Health Care
CPH.AX,Creso Pharma Ltd,Health Care
CPT.AX,Cipherpoint Ltd,Information Technology
CPU.AX,Computershare Ltd,Information Technology
CPV.AX,Clearvue Technologies Ltd,Industrials
CQE.AX,Charter Hall Social Infrastructure REIT,Real Estate
CQR.AX,Charter Hall Retail REIT,Real Estate
CR1.AX,Constellation Resources Ltd,Materials
CRB.AX,Carbine Resources Ltd,Materials
CRED.AX,Betashares Australian Investment Grade Corporate Bond ETF,
CRL.AX,Comet Resources Ltd,Materials
CRM.AX,Carbon Minerals Ltd,Energy
CRN.AX,Coronado Global Resources Inc,Materials
CRO.AX,Cirralto Ltd,Information Technology
CRS.AX,Caprice Resources Ltd,Materials
CSD.AX,Consolidated Tin Mines Ltd,Materials
CSE.AX,Copper Strike Ltd,Materials
CSL.AX,CSL Ltd,Health Care
CSR.AX,CSR Ltd,Materials
CSS.AX,Clean Seas Seafood Ltd,Consumer Staples
CST.AX,Castile Resources Ltd,Materials
CT1.AX,CCP Technologies Ltd,Information Technology
CTD.AX,Corporate Travel Management Ltd,Consumer Discretionary
CTE.AX,Cryosite Ltd,Health Care
CTM.AX,Centaurus Metals Ltd,Materials
CTO.AX,Citigold Corporation Ltd,Materials
CTP.AX,Central Petroleum Ltd,Energy
CTX.AX,Caltex Australia Ltd,Energy
CUE.AX,CUE Energy Resources Ltd,Energy
CUL.AX,Cullen Resources Ltd,Materials
CUP.AX,Countplus Ltd,Industrials
CURE.AX,ETFs S&P Biotech ETF,
CUV.AX,Clinuvel Pharmaceuticals Ltd,Health Care
CUX.AX,Crossland Strategic Metals Ltd,Materials
CV1.AX,CV Check Ltd,Information Technology
CVC.AX,CVC Ltd,Financials
CVF.AX,Contrarian Value Fund Ltd,
CVL.AX,Civmec Ltd,Industrials
CVN.AX,Carnarvon Petroleum Ltd,Energy
CVS.AX,Cervantes Corporation Ltd,Materials
CVV.AX,Caravel Minerals Ltd,Materials
CVW.AX,Clearview Wealth Ltd,Financials
CWL.AX,Chant West Holdings Ltd,Information Technology
CWN.AX,Crown Resorts Ltd,Consumer Discretionary
CWP.AX,Cedar Woods Properties Ltd,Real Estate
CWX.AX,Carawine Resources Ltd,Materials
CWY.AX,Cleanaway Waste Management Ltd,Industrials
CWZ.AX,Cashwerkz Ltd,Financials
CXL.AX,CALIX Ltd,Materials
CXM.AX,Centrex Metals Ltd,Materials
CXO.AX,Core Lithium Ltd,Materials
CXU.AX,Cauldron Energy Ltd,Energy
CXX.AX,Cradle Resources Ltd,Materials
CXZ.AX,Connexion Telematics Ltd,Information Technology
CY5.AX,CYGNUS Gold Ltd,Materials
CYC.AX,Cyclopharm Ltd,Health Care
CYG.AX,Coventry Group Ltd,Industrials
CYL.AX,Catalyst Metals Ltd,Materials
CYM.AX,Cyprium Metals Ltd,Materials
CYP.AX,Cynata Therapeutics Ltd,Health Care
CYQ.AX,CYCLIQ Group Ltd,Consumer Discretionary
CZI.AX,Cassini Resources Ltd,Materials
CZL.AX,Consolidated ZINC Ltd,Materials
CZN.AX,Corazon Mining Ltd,Materials
CZR.AX,Coziron Resources Ltd,Materials
D13.AX,Delaware Thirteen Ltd,Industrials
D2O.AX,Duxton Water Ltd,
DAF.AX,Discovery Africa Ltd,Materials
DAU.AX,Dampier Gold Ltd,Materials
DAV.AX,Davenport Resources Ltd,Materials
DBBF.AX,Betashares Diversified Balanced ETF,
DBF.AX,Duxton Broadacre Farms Ltd,Consumer Staples
DCC.AX,Digitalx Ltd,Information Technology
DCG.AX,Decmil Group Ltd,Industrials
DCL.AX,Domacom Ltd,Financials
DCN.AX,Dacian Gold Ltd,Materials
DCX.AX,Discovex Resources Ltd,Materials
DDD.AX,3D Resources Ltd,Materials
DDR.AX,Dicker Data Ltd,Information Technology
DDT.AX,Datadot Technology Ltd,Consumer Discretionary
DEG.AX,De Grey Mining Ltd,Materials
DEM.AX,De.Mem Ltd,Utilities
DEV.AX,DEVEX Resources Ltd,Energy
DFM.AX,Dongfang Modern Agriculture Holding Group Ltd,Consumer Staples
DGGF.AX,Betashares Diversified Growth ETF,
DGH.AX,Desane Group Holdings Ltd,Real Estate
DGO.AX,DGO Gold Ltd,Materials
DGR.AX,DGR Global Ltd,Materials
DHG.AX,Domain Holdings Australia Ltd,Communication Services
DHHF.AX,Betashares Diversified High Growth ETF,
DHR.AX,Dark Horse Resources Ltd,Materials
DIV.AX,Ubs IQ Morningstar Australia Dividend Yield ETF,
DJRE.AX,SPDR Dow Jones Global Real Estate Fund,
DJW.AX,Djerriwarrh Investments Ltd,
DKM.AX,Duketon Mining Ltd,Materials
DLC.AX,Delecta Ltd,Consumer Discretionary
DME.AX,Dome Gold Mines Ltd,Materials
DMG.AX,Dragon Mountain Gold Ltd,Materials
DMKT.AX,AMP Capital Dynamic Markets Fund (Hedge Fund),
DMP.AX,Domino's PIZZA Enterprises Ltd,Consumer Discretionary
DNA.AX,Donaco International Ltd,Consumer Discretionary
DNK.AX,Danakali Ltd,Materials
DOR.AX,Doriemus Plc,Energy
DOW.AX,Downer Edi Ltd,Industrials
DRE.AX,Dreadnought Resources Ltd,Materials
DRO.AX,Droneshield Ltd,Industrials
DRUG.AX,Betashares Global Healthcare ETF - Currency Hedged,
DRX.AX,Diatreme Resources Ltd,Materials
DSE.AX,Dropsuite Ltd,Information Technology
DTC.AX,Damstra Holdings Ltd,Information Technology
DTI.AX,DTI Group Ltd,Information Technology
DTL.AX,Data#3 Ltd,Information Technology
DTM.AX,Dart Mining NL,Materials
DTR.AX,Dateline Resources Ltd,Materials
DTS.AX,Dragontail Systems Ltd,Information Technology
DTZ.AX,DOTZ Nano Ltd,Information Technology
DUB.AX,Dubber Corporation Ltd,Information Technology
DUI.AX,Diversified United Investment Ltd,
DVL.AX,Dorsavi Ltd,Health Care
DVN.AX,Devine Ltd,Real Estate
DW8.AX,Digital Wine Ventures Ltd,Consumer Discretionary
DWS.AX,DWS Ltd,Information Technology
DXB.AX,Dimerix Ltd,Health Care
DXN.AX,DXN Ltd,Information Technology
DXS.AX,Dexus,Real Estate
DYL.AX,Deep Yellow Ltd,Energy
DZZF.AX,Betashares Diversified Conservative Income ETF,
E25.AX,Element 25 Ltd,Materials
E2E.AX,Eon NRG Ltd,Energy
E2M.AX,E2 Metals Ltd,Materials
EAF.AX,Evans & Partners Asia Fund,
EAI.AX,Ellerston Asian Investments Ltd,
EAS.AX,Easton Investments Ltd,Financials
EAX.AX,Energy Action Ltd,Industrials
EBG.AX,Eumundi Group Ltd,Consumer Discretionary
EBND.AX,Vaneck Emerging Inc Opportunities Active ETF (Managed Fund),
EBO.AX,Ebos Group Ltd,Health Care
ECF.AX,Elanor Commercial Property Fund,Real Estate
ECG.AX,Ecargo Holdings Ltd,Industrials
ECL.AX,Excelsior Capital Ltd,Industrials
ECP.AX,ECP Emerging Growth Ltd,
ECS.AX,ECS Botanics Holdings Ltd,Health Care
ECT.AX,Environmental Clean Technologies Ltd,Industrials
ECX.AX,Eclipx Group Ltd,Financials
ED1.AX,Evans Dixon Ltd,Financials
EDC.AX,Eildon Capital Fund,Financials
EDE.AX,Eden Innovations Ltd,Energy
EEG.AX,Empire Energy Group Ltd,Energy
EER.AX,East Energy Resources Ltd,Energy
EEU.AX,Betashares Euro ETF,
EFE.AX,Eastern Iron Ltd,Materials
EFF.AX,Evans & Partners Australian Flagship Fund,
EGD.AX,Evans & Partners Global Disruption Fund,
EGF.AX,Evans & Partners Global Flagship Fund,
EGG.AX,Enero Group Ltd,Communication Services
EGH.AX,Eureka Group Holdings Ltd,Real Estate
EGI.AX,Ellerston Global Investments Ltd,
EGL.AX,Environmental Group Ltd (the),Industrials
EGN.AX,Engenco Ltd,Industrials
EGO.AX,Empire Oil & Gas NL,Energy
EGR.AX,Ecograf Ltd,Materials
EGY.AX,Energy Technologies Ltd,Industrials
EHE.AX,Estia Health Ltd,Health Care
EHH.AX,Eagle Health Holdings Ltd,Consumer Staples
EHL.AX,Emeco Holdings Ltd,Industrials
EHX.AX,Ehr Resources Ltd,Materials
EIGA.AX,Einvest Income Generator Fund (Managed Fund),
EINC.AX,Betashares Legg Mason Equity Income Fund (Managed Fund),
ELD.AX,Elders Ltd,Consumer Staples
ELE.AX,Elmore Ltd,Materials
ELO.AX,Elmo Software Ltd,Information Technology
ELS.AX,Elsight Ltd,Information Technology
ELT.AX,Elementos Ltd,Materials
ELX.AX,ELLEX Medical Lasers Ltd,Health Care
EM1.AX,Emerge Gaming Ltd,Communication Services
EM2.AX,Eagle Mountain Mining Ltd,Materials
EMB.AX,Embelton Ltd,Industrials
EMD.AX,Emerald Clinics Ltd,Health Care
EME.AX,Energy Metals Ltd,Energy
EMH.AX,European Metals Holdings Ltd,Materials
EMKT.AX,Vaneck Vectors MSCI Multifactor Emerging Markets Equity ETF,
EML.AX,EML Payments Ltd,Information Technology
EMMG.AX,Betashares Legg Mason Emerging Markets Fund (Managed Fund),
EMN.AX,Euro Manganese Inc,Materials
EMP.AX,Emperor Energy Ltd,Energy
EMR.AX,Emerald Resources NL,Materials
EMT.AX,Emetals Ltd,
EMU.AX,EMU NL,Materials
EMUCA.AX,EMU NL,
EMV.AX,Emvision Medical Devices Ltd,Health Care
EN1.AX,Engage.BDR Ltd,Communication Services
ENA.AX,Ensurance Ltd,Financials
ENB.AX,Eneabba Gas Ltd,Utilities
ENE.AX,Enevis Ltd,Industrials
ENN.AX,Elanor Investors Group,Consumer Discretionary
ENR.AX,Encounter Resources Ltd,Materials
ENT.AX,Enterprise Metals Ltd,Materials
ENX.AX,Enegex Ltd,Energy
EOF.AX,Ecofibre Ltd,Health Care
EOL.AX,Energy One Ltd,Information Technology
EOR.AX,EOR Group Ltd,Energy
EOS.AX,Electro Optic Systems Holdings Ltd,Industrials
EPD.AX,Empired Ltd,Information Technology
EPM.AX,Eclipse Metals Ltd,Energy
EQE.AX,EQUUS Mining Ltd,Materials
EQT.AX,EQT Holdings Ltd,Financials
EQX.AX,Equatorial Resources Ltd,Materials
ERA.AX,Energy Resources of Australia Ltd,Energy
ERF.AX,Elanor Retail Property Fund,Real Estate
ERG.AX,Eneco Refresh Ltd,Consumer Staples
ERL.AX,Empire Resources Ltd,Materials
ERM.AX,Emmerson Resources Ltd,Materials
ERX.AX,Exore Resources Ltd,Materials
ESE.AX,Esense-Lab Ltd,Health Care
ESGI.AX,Vaneck Vectors MSCI International Sustainable Equity ETF,
ESH.AX,Esports Mogul Ltd,Communication Services
ESK.AX,Etherstack Plc,Information Technology
ESL.AX,Eco Systems Ltd,Real Estate
ESR.AX,Estrella Resources Ltd,Materials
ESTX.AX,ETFs Euro STOXX 50 ETF,
ETF.AX,Ubs IQ Morningstar Australia Quality ETF,
ETHI.AX,Betashares Global Sustainability Leaders ETF,
ETPMAG.AX,ETFs Group,
ETPMPD.AX,ETFs Group,
ETPMPM.AX,ETFs Group,
ETPMPT.AX,ETFs Group,
EUC.AX,European Cobalt Ltd,Materials
EUR.AX,European Lithium Ltd,Materials
EVE.AX,EVE Investments Ltd,Financials
EVN.AX,Evolution Mining Ltd,Materials
EVO.AX,Evolve Education Group Ltd,Consumer Discretionary
EVS.AX,Envirosuite Ltd,Information Technology
EVT.AX,Event Hospitality and Entertainment Ltd,Communication Services
EVZ.AX,EVZ Ltd,Industrials
EWC.AX,Energy World Corporation Ltd,Utilities
EX1.AX,Exopharm Ltd,Health Care
EX20.AX,Betashares Australian Ex-20 Portfolio Diversifier ETF,
EXL.AX,Elixinol Global Ltd,Consumer Staples
EXO.AX,ENNOX Group Ltd,Financials
EXP.AX,Experience Co Ltd,Consumer Discretionary
EXR.AX,Elixir Energy Ltd,Energy
EZL.AX,EUROZ Ltd,Financials
F100.AX,Betashares Ftse 100 ETF,
FAIR.AX,Betashares Australian Sustainability Leaders ETF,
FAM.AX,Family Insights Group Ltd,Information Technology
FANG.AX,ETFs Fang+ ETF,
FAR.AX,FAR Ltd,Energy
FAU.AX,First Au Ltd,Materials
FBR.AX,FBR Ltd,Industrials
FBU.AX,Fletcher Building Ltd,Materials
FCG.AX,Frontier Capital Group Ltd,Consumer Discretionary
FCL.AX,Fineos Corporation Holdings Plc,Information Technology
FCT.AX,Firstwave Cloud Technology Ltd,Information Technology
FDM.AX,Freedom Oil and Gas Ltd,Energy
FDV.AX,Frontier Digital Ventures Ltd,Communication Services
FDX.AX,Frontier Diamonds Ltd,Materials
FE8.AX,Faster Enterprises Ltd,Real Estate
FEI.AX,Fe Investments Group Ltd,Financials
FEL.AX,Fe Ltd,Materials
FEMX.AX,Fidelity Global Emerging Markets Fund (Managed Fund),
FEX.AX,FENIX Resources Ltd,Materials
FFC.AX,Farmaforce Ltd,Health Care
FFG.AX,Fatfish Blockchain Ltd,Financials
FFI.AX,FFI Holdings Ltd,Consumer Staples
FFL.AX,Founders First Ltd,Consumer Staples
FFR.AX,Firefly Resources Ltd,Materials
FGG.AX,Future Generation Global Investment Company Ltd,
FGO.AX,Flamingo Ai Ltd,Information Technology
FGR.AX,First Graphene Ltd,Materials
FGX.AX,Future Generation Investment Company Ltd,
FHS.AX,Freehill Mining Ltd,Materials
FID.AX,Fiducian Group Ltd,Financials
FIG.AX,Freedom Insurance Group Ltd,Financials
FIJ.AX,Fiji Kava Ltd,Consumer Staples
FIN.AX,FIN Resources Ltd,Materials
FLC.AX,Fluence Corporation Ltd,Industrials
FLN.AX,Freelancer Ltd,Industrials
FLOT.AX,Vaneck Vectors Australian Floating Rate ETF,
FLT.AX,Flight Centre Travel Group Ltd,Consumer Discretionary
FMG.AX,Fortescue Metals Group Ltd,Materials
FML.AX,Focus Minerals Ltd,Materials
FMS.AX,Flinders Mines Ltd,Materials
FNP.AX,Freedom Foods Group Ltd,Consumer Staples
FNT.AX,Frontier Resources Ltd,Materials
FOD.AX,The Food Revolution Group Ltd,Consumer Staples
FOOD.AX,Betashares Global Agriculture ETF - Currency Hedged,
FOR.AX,Forager Australian Shares Fund,
FPC.AX,Fat Prophets Global Contrarian Fund Ltd,
FPH.AX,Fisher & Paykel Healthcare Corporation Ltd,Health Care
FPL.AX,Fremont Petroleum Corporation Ltd,Energy
FPP.AX,Fat Prophets Global Property Fund,
FRI.AX,Finbar Group Ltd,Real Estate
FRM.AX,Farm Pride Foods Ltd,Consumer Staples
FRN.AX,Fraser Range Metals Group Ltd,Materials
FRX.AX,Flexiroam Ltd,
FSA.AX,FSA Group Ltd,Financials
FSF.AX,Fonterra Shareholders' Fund,Consumer Staples
FSG.AX,Field Solutions Holdings Ltd,
FSI.AX,Flagship Investments Ltd,
FTC.AX,Fintech Chain Ltd,Information Technology
FTT.AX,Factor Therapeutics Ltd,Health Care
FTZ.AX,Fertoz Ltd,Materials
FUEL.AX,Betashares Global Energy Companies ETF - Currency Hedged,
FUN.AX,Funtastic Ltd,Consumer Discretionary
FWD.AX,Fleetwood Corporation Ltd,Consumer Discretionary
FXL.AX,Flexigroup Ltd,Financials
FYI.AX,FYI Resources Ltd,Materials
FZO.AX,Family ZONE Cyber Safety Ltd,Information Technology
FZR.AX,Fitzroy River Corporation Ltd,Energy
G1A.AX,Galena Mining Ltd,Materials
G88.AX,Golden Mile Resources Ltd,Materials
GAL.AX,Galileo Mining Ltd,Materials
GAP.AX,Gale Pacific Ltd,Consumer Discretionary
GAS.AX,State GAS Ltd,Energy
GBE.AX,Globe Metals & Mining Ltd,Materials
GBM.AX,GBM Gold Ltd,Materials
GBND.AX,Betashares Sustainability Leaders DVRSFD Bond ETF - Cur HDG,
GBP.AX,Global Petroleum Ltd,Energy
GBR.AX,Great Boulder Resources Ltd,Materials
GBZ.AX,GBM Resources Ltd,Materials
GC1.AX,Glennon Small Companies Ltd,
GCI.AX,Gryphon Capital Income Trust,
GCR.AX,Golden Cross Resources Ltd,Materials
GCY.AX,Gascoyne Resources Ltd,Materials
GDF.AX,Garda Property Group,Real Estate
GDG.AX,Generation Development Group Ltd,Financials
GDI.AX,GDI Property Group,Real Estate
GDX.AX,Vaneck Vectors Gold Miners ETF,
GEAR.AX,Betashares Geared Australian Equity Fund (Hedge Fund),
GED.AX,Golden Deeps Ltd,Materials
GEM.AX,G8 Education Ltd,Consumer Discretionary
GES.AX,Genesis Resources Ltd,Materials
GEV.AX,Global Energy Ventures Ltd,Energy
GFI.AX,Global Fortune Investment Ltd,Materials
GFL.AX,Global Masters Fund Ltd,
GGE.AX,Grand Gulf Energy Ltd,Energy
GGG.AX,Greenland Minerals Ltd,Materials
GGUS.AX,Betashares Geared US EQ FND Currency Hdged HDG FND,
GGX.AX,GAS2GRID Ltd,Energy
GIB.AX,Gibb River Diamonds Ltd,Materials
GID.AX,"Gi Dynamics, Inc",Health Care
GLA.AX,Gladiator Resources Ltd,Materials
GLB.AX,Globe International Ltd,Consumer Discretionary
GLE.AX,GLG Corp Ltd,Consumer Discretionary
GLH.AX,Global Health Ltd,Health Care
GLIN.AX,AMP Cap Global Infrastructure Sec Fund,
GLL.AX,Galilee Energy Ltd,Energy
GLN.AX,Galan Lithium Ltd,Materials
GLV.AX,Global Oil & Gas Ltd,Energy
GMA.AX,Genworth Mortgage Insurance Australia Ltd,Financials
GMC.AX,Gulf Manganese Corporation Ltd,Materials
GMD.AX,Genesis Minerals Ltd,Materials
GME.AX,GME Resources Ltd,Materials
GMG.AX,Goodman Group,Real Estate
GML.AX,Gateway Mining Ltd,Materials
GMN.AX,Gold Mountain Ltd,Materials
GMR.AX,Golden Rim Resources Ltd,Materials
GMV.AX,G Medical Innovations Holdings Ltd,Health Care
GNC.AX,Graincorp Ltd,Consumer Staples
GNE.AX,Genesis Energy Ltd,Utilities
GNG.AX,GR Engineering Services Ltd,Materials
GNM.AX,Great Northern Minerals Ltd,Materials
GNX.AX,GENEX Power Ltd,Utilities
GO2.AX,The GO2 People Ltd,Industrials
GOLD.AX,ETFs Metal Securities Australia Ltd,Financials
GOO.AX,Gooroo Ventures Ltd,Information Technology
GOR.AX,Gold Road Resources Ltd,Materials
GOVT.AX,SPDR S&P/ASX Australian Government Bond Fund,
GOW.AX,Gowing Bros Ltd,Financials
GOZ.AX,Growthpoint Properties Australia,Real Estate
GPR.AX,Geopacific Resources Ltd,Materials
GPS.AX,GPS Alliance Holdings Ltd,Real Estate
GPT.AX,GPT Group,Real Estate
GPX.AX,Graphex Mining Ltd,Materials
GRB.AX,Gage Roads Brewing Co Ltd,Consumer Staples
GRL.AX,Godolphin Resources Ltd,Materials
GRNV.AX,Vaneck Vectors MSCI Australian Sustainable Equity ETF,
GROW.AX,Schroder Real Return Fund (Managed Fund),
GRR.AX,Grange Resources Ltd,Materials
GRV.AX,Greenvale Energy Ltd,Energy
GSM.AX,Golden State Mining Ltd,Materials
GSN.AX,Great Southern Mining Ltd,Materials
GSS.AX,Genetic Signatures Ltd,Health Care
GSW.AX,Getswift Ltd,Information Technology
GTE.AX,Great Western Exploration Ltd,Materials
GTG.AX,Genetic Technologies Ltd,Health Care
GTK.AX,Gentrack Group Ltd,Information Technology
GTN.AX,GTN Ltd,Communication Services
GTR.AX,Gti Resources Ltd,Materials
GUD.AX,G.U.D. Holdings Ltd,Consumer Discretionary
GUL.AX,Gullewa Ltd,Materials
GVF.AX,Global Value Fund Ltd,
GWA.AX,GWA Group Ltd,Industrials
GWR.AX,GWR Group Ltd,Materials
GXY.AX,Galaxy Resources Ltd,Materials
HACK.AX,Betashares Global Cybersecurity ETF,
HAS.AX,Hastings Technology Metals Ltd,Materials
HAV.AX,Havilah Resources Ltd,Materials
HAW.AX,Hawthorn Resources Ltd,Materials
HBRD.AX,Betashares Active Australian Hybrids Fund (Managed Fund),
HCD.AX,Hydrocarbon Dynamics Ltd,Energy
HCH.AX,Hot Chili Ltd,Materials
HCT.AX,Holista Colltech Ltd,Consumer Staples
HE8.AX,Helios Energy Ltd,Energy
HEUR.AX,Betashares Europe ETF-Currency Hedged,
HFR.AX,Highfield Resources Ltd,Materials
HGH.AX,Heartland Group Holdings Ltd,Financials
HGL.AX,Hudson Investment Group Ltd,Real Estate
HGM.AX,High Grade Metals Ltd,Materials
HGO.AX,Hillgrove Resources Ltd,Materials
HHM.AX,Hampton Hill Mining NL,Materials
HHY.AX,HHY Fund,
HIL.AX,Hills Ltd,Information Technology
HIP.AX,Hipo Resources Ltd,Materials
HIT.AX,Hitech Group Australia Ltd,Industrials
HJPN.AX,Betashares Japan ETF-Currency Hedged,
HLA.AX,Healthia Ltd,Health Care
HLO.AX,Helloworld Travel Ltd,Consumer Discretionary
HLS.AX,Healius Ltd,Health Care
HLX.AX,HELIX Resources Ltd,Materials
HM1.AX,Hearts and Minds Investments Ltd,
HMC.AX,Home Consortium,Real Estate
HMD.AX,Heramed Ltd,Health Care
HMO.AX,Hearmeout Ltd,Information Technology
HMX.AX,Hammer Metals Ltd,Materials
HNG.AX,HGL Ltd,Industrials
HNR.AX,Hannans Ltd,Materials
HOG.AX,Hawkley Oil and Gas Ltd,Energy
HOR.AX,Horseshoe Metals Ltd,Materials
HOT.AX,Hotcopper Holdings Ltd,Communication Services
HPI.AX,Hotel Property Investments,Real Estate
HPR.AX,High Peak Royalties Ltd,Energy
HRL.AX,HRL Holdings Ltd,Industrials
HRN.AX,Horizon Gold Ltd,Materials
HRR.AX,Heron Resources Ltd,Materials
HRZ.AX,Horizon Minerals Ltd,Materials
HSC.AX,Homestay Care Ltd,Information Technology
HSN.AX,Hansen Technologies Ltd,Information Technology
HT1.AX,HT&E Ltd,Communication Services
HT8.AX,Harris Technology Group Ltd,Consumer Discretionary
HTA.AX,Hutchison Telecommunications (Australia) Ltd,
HTG.AX,Harvest Technology Group Ltd,Information Technology
HUB.AX,HUB24 Ltd,Financials
HUO.AX,Huon Aquaculture Group Ltd,Consumer Staples
HVM.AX,Happy Valley Nutrition Ltd,Consumer Staples
HVN.AX,Harvey Norman Holdings Ltd,Consumer Discretionary
HVST.AX,Betashares Australian Dividend Harvester Fund (Managed Fund),
HWH.AX,Houston We Have Ltd,Information Technology
HWK.AX,Hawkstone Mining Ltd,Materials
HXG.AX,Hexagon Energy Materials Ltd,Materials
HYD.AX,HYDRIX Ltd,Information Technology
HZN.AX,Horizon Oil Ltd,Energy
HZR.AX,HAZER Group Ltd,Materials
IAA.AX,Ishares Asia 50 ETF,
IAF.AX,Ishares Core Composite Bond ETF,
IAG.AX,Insurance Australia Group Ltd,Financials
IAM.AX,Intiger Group Ltd,Information Technology
IAP.AX,Investec Australia Property Fund,Real Estate
IBC.AX,Ironbark Capital Ltd,
IBG.AX,Ironbark ZINC Ltd,Materials
IBX.AX,Imagion Biosystems Ltd,Health Care
ICE.AX,Icetana Ltd,Information Technology
ICG.AX,Inca Minerals Ltd,Materials
ICI.AX,Icandy Interactive Ltd,Communication Services
ICN.AX,Icon Energy Ltd,Energy
ICQ.AX,Icar Asia Ltd,Consumer Discretionary
ICS.AX,Icsglobal Ltd,Health Care
ICT.AX,Icollege Ltd,Consumer Discretionary
ICU.AX,Isentric Ltd,Communication Services
ID8.AX,Identitii Ltd,Information Technology
IDA.AX,Indiana Resources Ltd,Materials
IDT.AX,IDT Australia Ltd,Health Care
IDX.AX,Integral Diagnostics Ltd,Health Care
IDZ.AX,Indoor Skydive Australia Group Ltd,Consumer Discretionary
IEC.AX,Intra Energy Corporation Ltd,Energy
IEL.AX,Idp Education Ltd,Consumer Discretionary
IEM.AX,Ishares MSCI Emerging Markets ETF,
IEQ.AX,International Equities Corporation Ltd,Real Estate
IEU.AX,Ishares Europe ETF,
IFL.AX,IOOF Holdings Ltd,Financials
IFM.AX,Infomedia Ltd,Information Technology
IFN.AX,Infigen Energy,Utilities
IFRA.AX,Vaneck Vectors Ftse Global Infrastructure (Hedged) ETF,
IFT.AX,Infratil Ltd,Utilities
IGB.AX,Ishares Treasury ETF,
IGE.AX,Integrated Green Energy Solutions Ltd,Industrials
IGL.AX,Ive Group Ltd,Communication Services
IGN.AX,Ignite Ltd,Industrials
IGO.AX,IGO Ltd,Materials
IHCB.AX,Ishares Core Global Corporate Bond(Aud Hedged) ETF,
IHD.AX,Ishares S&P/ASX Dividend Opportunities ETF,
IHEB.AX,Ishares JP Morgan Usd Emerging MKT BND Aud HDG ETF,
IHHY.AX,Ishares Global High Yield Bond (Aud Hedged) ETF,
IHL.AX,Impression Healthcare Ltd,Health Care
IHOO.AX,Ishares Global 100 Aud Hedged ETF,
IHR.AX,Intellihr Ltd,Information Technology
IHVV.AX,Ishares S&P 500 Aud Hedged ETF,
IHWL.AX,Ishares Core MSCI World All Cap (Aud Hedged) ETF,
IIND.AX,Betashares India Quality ETF,
IJH.AX,Ishares S&P Mid-Cap ETF,
IJP.AX,Ishares MSCI Japan ETF,
IJR.AX,Ishares S&P Small-Cap ETF,
IKE.AX,Ikegps Group Ltd,Information Technology
IKO.AX,Ishares MSCI South Korea ETF,
IKW.AX,Ikwezi Mining Ltd,Energy
ILB.AX,Ishares Government Inflation ETF,
ILC.AX,Ishares S&P/ASX 20 ETF,
ILU.AX,Iluka Resources Ltd,Materials
IMA.AX,Image Resources NL,Materials
IMC.AX,Immuron Ltd,Health Care
IMD.AX,IMDEX Ltd,Materials
IME.AX,Imexhs Ltd,Health Care
IMM.AX,Immutep Ltd,Health Care
IMPQ.AX,Einvest Future Impact Small Caps Fund (Managed Fund),
IMR.AX,"Imricor Medical Systems, Inc",Health Care
IMS.AX,Impelus Ltd,Communication Services
IMU.AX,Imugene Ltd,Health Care
INA.AX,Ingenia Communities Group,Real Estate
INCM.AX,Betashares Global Income Leaders ETF,
INES.AX,Intelligent Investor Ethical Share Fund (Managed Fund),
INF.AX,Infinity Lithium Corporation Ltd,Materials
ING.AX,Inghams Group Ltd,Consumer Staples
INIF.AX,Intelligent Investor Aus Equity Income Fund (Managed Fund),
INP.AX,Incentiapay Ltd,Consumer Discretionary
INR.AX,Ioneer Ltd,Materials
INV.AX,Investsmart Group Ltd,Financials
IOD.AX,Iodm Ltd,Information Technology
IOO.AX,Ishares Global 100 ETF,
IOZ.AX,Ishares Core S&P/ASX 200 ETF,
IP1.AX,Integrated Payment Technologies Ltd,Information Technology
IPB.AX,IPB Petroleum Ltd,Energy
IPC.AX,Imperial Pacific Ltd,Financials
IPD.AX,Impedimed Ltd,Health Care
IPH.AX,IPH Ltd,Industrials
IPL.AX,Incitec Pivot Ltd,Materials
IPT.AX,Impact Minerals Ltd,Materials
IQ3.AX,IQ3CORP Ltd,Financials
IRD.AX,Iron Road Ltd,Materials
IRE.AX,Iress Ltd,Information Technology
IRI.AX,Integrated Research Ltd,Information Technology
IS3.AX,I Synergy Group Ltd,Information Technology
ISD.AX,Isentia Group Ltd,Information Technology
ISEC.AX,Ishares Enhanced Cash ETF,
ISO.AX,Ishares S&P/ASX Small Ordinaries ETF,
ISU.AX,Iselect Ltd,Consumer Discretionary
ISX.AX,Isignthis Ltd,Information Technology
ITG.AX,Intega Group Ltd,Industrials
IVC.AX,Invocare Ltd,Consumer Discretionary
IVE.AX,Ishares MSCI Eafe ETF,
IVO.AX,Invigor Group Ltd,Communication Services
IVQ.AX,Invitrocue Ltd,Health Care
IVR.AX,Investigator Resources Ltd,Materials
IVT.AX,Inventis Ltd,Industrials
IVV.AX,Ishares S&P 500 ETF,
IVX.AX,Invion Ltd,Health Care
IVZ.AX,Invictus Energy Ltd,Energy
IWLD.AX,Ishares Core MSCI World All Cap ETF,
IXC.AX,INVEX Therapeutics Ltd,Health Care
IXI.AX,Ishares Global Consumer Staples ETF,
IXJ.AX,Ishares Global Healthcare ETF,
IXR.AX,Ionic Rare EARTHS Ltd,Materials
IXU.AX,Ixup Ltd,Information Technology
IZZ.AX,Ishares China Large-Cap ETF,
JAL.AX,Jameson Resources Ltd,Materials
JAN.AX,Janison Education Group Ltd,Information Technology
JAT.AX,Jatenergy Ltd,Consumer Discretionary
JAY.AX,Jayride Group Ltd,Consumer Discretionary
JBH.AX,JB Hi-Fi Ltd,Consumer Discretionary
JCI.AX,Jiancheng International Group Ltd,Industrials
JCS.AX,Jcurve Solutions Ltd,Information Technology
JDR.AX,Jadar Resources Ltd,Materials
JHC.AX,Japara Healthcare Ltd,Health Care
JHG.AX,Janus Henderson Group Plc,Financials
JHL.AX,JAYEX Healthcare Ltd,Health Care
JHX.AX,James Hardie Industries Plc,Materials
JIN.AX,Jumbo Interactive Ltd,Consumer Discretionary
JIP.AX,Jack-in Group Ltd,Industrials
JJF.AX,Jiajiafu Modern Agriculture Ltd,Consumer Staples
JKA.AX,Jacka Resources Ltd,Energy
JLG.AX,Johns LYNG Group Ltd,Industrials
JMS.AX,Jupiter Mines Ltd,Materials
JPR.AX,Jupiter Energy Ltd,Energy
JRL.AX,Jindalee Resources Ltd,Materials
JRV.AX,Jervois Mining Ltd,Materials
JXT.AX,Jaxsta Ltd,Information Technology
JYC.AX,Joyce Corporation Ltd,Consumer Discretionary
K2F.AX,K2FLY Ltd,Information Technology
KAI.AX,Kairos Minerals Ltd,Materials
KAM.AX,K2 Asset Management Holdings Ltd,Financials
KAR.AX,Karoon Energy Ltd,Energy
KAS.AX,Kasbah Resources Ltd,Materials
KAT.AX,Katana Capital Ltd,
KAU.AX,Kaiser Reef Ltd,Materials
KBC.AX,Keybridge Capital Ltd,Financials
KCN.AX,Kingsgate Consolidated Ltd,Materials
KEY.AX,KEY Petroleum Ltd,Energy
KFE.AX,Kogi Iron Ltd,Materials
KGD.AX,Kula Gold Ltd,Materials
KGL.AX,KGL Resources Ltd,Materials
KGM.AX,Kalnorth Gold Mines Ltd,Materials
KGN.AX,Kogan.com Ltd,Consumer Discretionary
KIN.AX,KIN Mining NL,Materials
KIS.AX,King Island Scheelite Ltd,Materials
KKC.AX,KKR Credit Income Fund,
KKL.AX,Kollakorn Corporation Ltd,Information Technology
KKO.AX,Kinetiko Energy Ltd,Energy
KLA.AX,Kirkland Lake Gold Ltd,Materials
KLL.AX,Kalium Lakes Ltd,Materials
KLO.AX,Kingsland Global Ltd,Real Estate
KLR.AX,Kaili Resources Ltd,Energy
KMD.AX,Kathmandu Holdings Ltd,Consumer Discretionary
KME.AX,Kip Mcgrath Education Centres Ltd,Consumer Discretionary
KMT.AX,Kopore Metals Ltd,Materials
KNH.AX,Koon Holdings Ltd,Industrials
KNM.AX,Kneomedia Ltd,Communication Services
KNO.AX,Knosys Ltd,Information Technology
KOR.AX,Korab Resources Ltd,Materials
KOV.AX,Korvest Ltd,Industrials
KP2.AX,Kore Potash Plc,Materials
KPC.AX,Kazakhstan Potash Corporation Ltd,Materials
KPE.AX,Kina Petroleum Corporation,Energy
KPG.AX,Kelly Partners Group Holdings Ltd,Industrials
KPO.AX,Kalina Power Ltd,Utilities
KPT.AX,Kangaroo Island Plantation Timbers Ltd,Materials
KRM.AX,Kingsrose Mining Ltd,Materials
KRR.AX,King River Resources Ltd,Materials
KRS.AX,Kresta Holdings Ltd,Consumer Discretionary
KSC.AX,K & S Corporation Ltd,Industrials
KSL.AX,Kina Securities Ltd,Financials
KSM.AX,K2 Australian Small Cap Fund (Hedge Fund),
KSN.AX,Kingston Resources Ltd,Materials
KSS.AX,Kleos Space S.A,Industrials
KTA.AX,Krakatoa Resources Ltd,Materials
KTD.AX,Keytone Dairy Corporation Ltd,Consumer Staples
KTE.AX,K2 Energy Ltd,Information Technology
KTG.AX,K-Tig Ltd,Industrials
KWR.AX,Kingwest Resources Ltd,Materials
KYK.AX,KYCKR Ltd,Information Technology
KZA.AX,KAZIA Therapeutics Ltd,Health Care
KZR.AX,Kalamazoo Resources Ltd,Materials
LAA.AX,Latam Autos Ltd,Communication Services
LAM.AX,Laramide Resources Ltd,Energy
LAU.AX,Lindsay Australia Ltd,Industrials
LAW.AX,Lawfinance Ltd,Financials
LBL.AX,Laserbond Ltd,Industrials
LBT.AX,LBT Innovations Ltd,Health Care
LCD.AX,Latitude Consolidated Ltd,Materials
LCE.AX,London City Equities Ltd,Financials
LCK.AX,Leigh Creek Energy Ltd,Energy
LCL.AX,Los Cerros Ltd,Materials
LCM.AX,Logicamms Ltd,Industrials
LCT.AX,Living Cell Technologies Ltd,Health Care
LCY.AX,Legacy Iron Ore Ltd,Materials
LEG.AX,Legend Mining Ltd,Materials
LEP.AX,Ale Property Group,Real Estate
LER.AX,Leaf Resources Ltd,Materials
LEX.AX,Lefroy Exploration Ltd,Materials
LGP.AX,Little Green Pharma Ltd,Health Care
LGR.AX,Lanka Graphite Ltd,Materials
LHB.AX,Lionhub Group Ltd,Real Estate
LHM.AX,Land & Homes Group Ltd,Real Estate
LI3.AX,Lithium Consolidated Ltd,Materials
LIC.AX,Lifestyle Communities Ltd,Real Estate
LIN.AX,Lindian Resources Ltd,Materials
LIO.AX,Lion Energy Ltd,Energy
LIT.AX,Lithium Australia NL,Materials
LKE.AX,Lake Resources N.L.,Materials
LKO.AX,Lakes Oil NL,Energy
LLC.AX,Lendlease Group,Real Estate
LLO.AX,Lion One Metals Ltd,Materials
LME.AX,"Limeade, Inc",Information Technology
LMG.AX,Latrobe Magnesium Ltd,Materials
LML.AX,Lincoln Minerals Ltd,Materials
LNG.AX,Liquefied Natural Gas Ltd,Energy
LNK.AX,Link Administration Holdings Ltd,Information Technology
LNU.AX,Linius Technologies Ltd,Information Technology
LNY.AX,Laneway Resources Ltd,Materials
LOM.AX,Lucapa Diamond Company Ltd,Materials
LON.AX,Longtable Group Ltd,Consumer Staples
LOT.AX,Lotus Resources Ltd,Materials
LOV.AX,Lovisa Holdings Ltd,Consumer Discretionary
LPD.AX,Lepidico Ltd,Materials
LPDRC.AX,Lepidico Ltd,
LPE.AX,Locality Planning Energy Holdings Ltd,Utilities
LPI.AX,Lithium Power International Ltd,Materials
LRM.AX,Lustrum Minerals Ltd,Energy
LRS.AX,Latin Resources Ltd,Materials
LRT.AX,Lowell Resources Fund,
LSA.AX,Lachlan Star Ltd,Materials
LSF.AX,L1 Long Short Fund Ltd,
LSH.AX,Lifespot Health Ltd,Health Care
LSR.AX,Lodestar Minerals Ltd,Materials
LSX.AX,Lion Selection Group Ltd,
LTR.AX,Liontown Resources Ltd,Materials
LVE.AX,Love Group Global Ltd,Information Technology
LVH.AX,Livehire Ltd,Information Technology
LVT.AX,Livetiles Ltd,Information Technology
LYC.AX,Lynas Corporation Ltd,Materials
LYL.AX,Lycopodium Ltd,Industrials
M7T.AX,MACH7 Technologies Ltd,Health Care
M8S.AX,M8 Sustainable Ltd,Industrials
MA1.AX,Monash Absolute Investment Company Ltd,
MAD.AX,Mader Group Ltd,Industrials
MAG.AX,Magmatic Resources Ltd,Materials
MAH.AX,Macmahon Holdings Ltd,Materials
MAI.AX,Mainstream Group Holdings Ltd,Financials
MAM.AX,Microequities Asset Management Group Ltd,Financials
MAN.AX,Mandrake Resources Ltd,Materials
MAQ.AX,Macquarie Telecom Group Ltd,
MAT.AX,Matsa Resources Ltd,Materials
MAU.AX,Magnetic Resources NL,Materials
MAUCA.AX,Magnetic Resources NL,
MAX.AX,Millinium's Alternatives Fund,
MAY.AX,Melbana Energy Ltd,Energy
MBK.AX,Metal Bank Ltd,Materials
MBM.AX,Mobecom Ltd,Information Technology
MCA.AX,Murray Cod Australia Ltd,Consumer Staples
MCB.AX,MCB Resources Ltd,Energy
MCE.AX,Matrix Composites & Engineering Ltd,Energy
MCM.AX,MC Mining Ltd,Energy
MCP.AX,Mcpherson's Ltd,Consumer Staples
MCR.AX,Mincor Resources NL,Materials
MCT.AX,Metalicity Ltd,Materials
MCX.AX,Mariner Corporation Ltd,Financials
MCY.AX,Mercury NZ Ltd,Utilities
MDC.AX,Medlab Clinical Ltd,Health Care
MDI.AX,Middle Island Resources Ltd,Materials
MDR.AX,Medadvisor Ltd,Health Care
MDX.AX,Mindax Ltd,Materials
MEA.AX,Mcgrath Ltd,Real Estate
MEB.AX,Medibio Ltd,Health Care
MEC.AX,Morphic Ethical Equities Fund Ltd,Financials
MEI.AX,Meteoric Resources NL,Materials
MEL.AX,Metgasco Ltd,Energy
MEM.AX,Memphasys Ltd,Health Care
MEP.AX,Minotaur Exploration Ltd,Materials
MEQ.AX,Metlifecare Limited Foreign Exempt NZX,Health Care
MEU.AX,Marmota Ltd,Energy
MEY.AX,Marenica Energy Ltd,Energy
MEZ.AX,Meridian Energy Ltd,Utilities
MFD.AX,Mayfield Childcare Ltd,Consumer Discretionary
MFF.AX,MFF Capital Investments Ltd,
MFG.AX,Magellan Financial Group Ltd,Financials
MGC.AX,MG Unit Trust,
MGE.AX,Magellan Global Equities Fund (Managed Fund),
MGG.AX,Magellan Global Trust,
MGL.AX,Magontec Ltd,Materials
MGR.AX,Mirvac Group,Real Estate
MGT.AX,Magnetite Mines Ltd,Materials
MGU.AX,Magnum Mining and Exploration Ltd,Materials
MGV.AX,Musgrave Minerals Ltd,Materials
MGX.AX,Mount Gibson Iron Ltd,Materials
MGZ.AX,Medigard Ltd,Health Care
MHC.AX,Manhattan Corporation Ltd,Energy
MHD.AX,Millennium Ltd,Consumer Discretionary
MHG.AX,Magellan Global Equities Fund(Currency Hedged)(MF),
MHH.AX,Magellan High Conviction Trust,
MHI.AX,Merchant House International Ltd,Consumer Discretionary
MHJ.AX,Michael Hill International Ltd,Consumer Discretionary
MICH.AX,Magellan Infrastructure Fund (Currency Hedged)(Managed Fund),
MIH.AX,MNC Media Investment Ltd,Communication Services
MIL.AX,Millennium Services Group Ltd,Industrials
MIN.AX,Mineral Resources Ltd,Materials
MIO.AX,Macarthur Minerals Ltd,Materials
MIR.AX,Mirrabooka Investments Ltd,
MJC.AX,Mejority Capital Ltd,Financials
MKG.AX,Mako Gold Ltd,Materials
MLD.AX,Maca Ltd,Materials
MLL.AX,Mali Lithium Ltd,Materials
MLM.AX,Metallica Minerals Ltd,Materials
MLS.AX,Metals Australia Ltd,Materials
MLT.AX,Milton Corporation Ltd,
MLX.AX,Metals X Ltd,Materials
MME.AX,Moneyme Ltd,Financials
MMI.AX,Metro Mining Ltd,Materials
MMJ.AX,MMJ Group Holdings Ltd,
MML.AX,Medusa Mining Ltd,Materials
MMM.AX,Marley Spoon AG,Consumer Discretionary
MMR.AX,Mec Resources Ltd,Energy
MMS.AX,Mcmillan Shakespeare Ltd,Industrials
MNB.AX,Minbos Resources Ltd,Materials
MND.AX,Monadelphous Group Ltd,Industrials
MNF.AX,MNF Group Ltd,
MNRS.AX,Betashares Global Gold Miners ETF - Currency Hedged,
MNS.AX,Magnis Energy Technologies Ltd,Materials
MNW.AX,Mint Payments Ltd,Information Technology
MNY.AX,MONEY3 Corporation Ltd,Financials
MOAT.AX,Vaneck Vectors Morningstar Wide Moat ETF,
MOB.AX,Mobilicom Ltd,Information Technology
MOC.AX,Mortgage Choice Ltd,Financials
MOE.AX,Moelis Australia Ltd,Financials
MOGL.AX,Montgomery Global Equities Fund (Managed Fund),
MOH.AX,Moho Resources Ltd,Materials
MONY.AX,Ubs IQ Cash ETF,
MOQ.AX,MOQ Ltd,Information Technology
MOT.AX,MCP Income Opportunities Trust,
MOY.AX,Millennium Minerals Ltd,Materials
MOZ.AX,Mosaic Brands Ltd,Consumer Discretionary
MP1.AX,Megaport Ltd,Information Technology
MPH.AX,Mediland Pharm Ltd,Consumer Discretionary
MPL.AX,Medibank Private Ltd,Financials
MPO.AX,Molopo Energy Ltd,Energy
MPP.AX,Metro Performance Glass Ltd,Industrials
MPR.AX,Mpower Group Ltd,Financials
MPW.AX,MSL Solutions Ltd,Information Technology
MPX.AX,Mustera Property Group Ltd,Real Estate
MQG.AX,Macquarie Group Ltd,Financials
MQR.AX,Marquee Resources Ltd,Materials
MRC.AX,Mineral Commodities Ltd,Materials
MRD.AX,Mount Ridley Mines Ltd,Materials
MRG.AX,Murray River Organics Group Ltd,Consumer Staples
MRL.AX,Mayur Resources Ltd,Materials
MRM.AX,Mma Offshore Ltd,Energy
MRQ.AX,MRG Metals Ltd,Materials
MRR.AX,Minrex Resources Ltd,Materials
MRV.AX,Moreton Resources Ltd,Energy
MRZ.AX,Mont Royal Resources Ltd,Materials
MSB.AX,Mesoblast Ltd,Health Care
MSE.AX,Metalsearch Ltd,Materials
MSG.AX,MCS Services Ltd,Industrials
MSI.AX,Multistack International Ltd,Industrials
MSM.AX,MSM Corporation International Ltd,Communication Services
MSR.AX,Manas Resources Ltd,Materials
MSTR.AX,Morningstar International Shares Active ETF (Managed Fund),
MSV.AX,Mitchell Services Ltd,Materials
MTB.AX,Mount Burgess Mining NL,Materials
MTC.AX,Metalstech Ltd,Materials
MTH.AX,Mithril Resources Ltd,Materials
MTL.AX,Manalto Ltd,Information Technology
MTO.AX,Motorcycle Holdings Ltd,Consumer Discretionary
MTS.AX,Metcash Ltd,Consumer Staples
MVA.AX,Vaneck Vectors Australian Property ETF,
MVB.AX,Vaneck Vectors Australian Banks ETF,
MVE.AX,Vaneck Vectors S&P/ASX Midcap ETF,
MVF.AX,Monash Ivf Group Ltd,Health Care
MVOL.AX,Ishares Edge MSCI Australia Minimum Volatility ETF,
MVP.AX,Medical Developments International Ltd,Health Care
MVR.AX,Vaneck Vectors Australian Resources ETF,
MVS.AX,Vaneck Vectors Small Companies Masters ETF,
MVW.AX,Vaneck Vectors Australian EQUAL Weight ETF,
MWR.AX,MGM Wireless Ltd,Communication Services
MWY.AX,Midway Ltd,Materials
MX1.AX,Micro-X Ltd,Health Care
MXC.AX,MGC Pharmaceuticals Ltd,Health Care
MXI.AX,Maxitrans Industries Ltd,Industrials
MXR.AX,Maximus Resources Ltd,Materials
MXT.AX,MCP Master Income Trust,
MYE.AX,Mastermyne Group Ltd,Materials
MYL.AX,Myanmar Metals Ltd,Materials
MYQ.AX,Myfiziq Ltd,Information Technology
MYR.AX,Myer Holdings Ltd,Consumer Discretionary
MYS.AX,Mystate Ltd,Financials
MYX.AX,Mayne Pharma Group Ltd,Health Care
MZI.AX,MZI Resources Ltd,Materials
MZZ.AX,Matador Mining Ltd,Materials
N1H.AX,N1 Holdings Ltd,Financials
NAB.AX,National Australia Bank Ltd,Financials
NAC.AX,Naos Ex-50 Opportunities Company Ltd,
NAE.AX,New Age Exploration Ltd,Energy
NAG.AX,Nagambie Resources Ltd,Materials
NAM.AX,Namoi Cotton Ltd,Industrials
NAN.AX,Nanosonics Ltd,Health Care
NBI.AX,NB Global Corporate Income Trust,
NC6.AX,Nanollose Ltd,Health Care
NCC.AX,Naos Emerging Opportunities Company Ltd,
NCK.AX,Nick Scali Ltd,Consumer Discretionary
NCL.AX,Netccentric Ltd,Communication Services
NCM.AX,Newcrest Mining Ltd,Materials
NCR.AX,Nucoal Resources Ltd,Materials
NCZ.AX,New Century Resources Ltd,Materials
NDIA.AX,ETFs Reliance India Nifty 50 ETF,
NDQ.AX,Betashares Nasdaq 100 ETF,
NEA.AX,Nearmap Ltd,Information Technology
NEC.AX,Nine Entertainment Co. Holdings Ltd,Communication Services
NES.AX,Nelson Resources Ltd,Materials
NET.AX,Netlinkz Ltd,Information Technology
NEU.AX,Neuren Pharmaceuticals Ltd,Health Care
NEW.AX,NEW Energy Solar,Utilities
NGE.AX,NGE Capital Ltd,
NGI.AX,Navigator Global Investments Ltd,Financials
NGY.AX,Nuenergy Gas Ltd,Energy
NHC.AX,New Hope Corporation Ltd,Energy
NHF.AX,Nib Holdings Ltd,Financials
NIC.AX,Nickel Mines Ltd,Materials
NIU.AX,Niuminco Group Ltd,Materials
NME.AX,NEX Metals Exploration Ltd,Materials
NML.AX,Navarre Minerals Ltd,Materials
NMT.AX,Neometals Ltd,Materials
NNT.AX,99 Technology Ltd,Information Technology
NOR.AX,Norwood Systems Ltd,Information Technology
NOV.AX,Novatti Group Ltd,Information Technology
NOX.AX,Noxopharm Ltd,Health Care
NSB.AX,Neuroscientific Biopharmaceuticals Ltd,Health Care
NSC.AX,Naos Small Cap Opportunities Company Ltd,
NSE.AX,New Standard Energy Ltd,Energy
NSR.AX,National Storage REIT,Real Estate
NST.AX,Northern Star Resources Ltd,Materials
NSX.AX,NSX Ltd,Financials
NTD.AX,National Tyre & Wheel Ltd,Consumer Discretionary
NTI.AX,Neurotech International Ltd,Health Care
NTL.AX,New Talisman Gold Mines Ltd,Materials
NTM.AX,NTM Gold Ltd,Materials
NTO.AX,Nitro Software Ltd,Information Technology
NTU.AX,Northern Minerals Ltd,Materials
NUC.AX,Nuchev Ltd,Consumer Staples
NUF.AX,Nufarm Ltd,Materials
NUH.AX,Nuheara Ltd,Information Technology
NUS.AX,Nusantara Resources Ltd,Materials
NVA.AX,Nova Minerals Ltd,Materials
NVO.AX,Nvoi Ltd,Communication Services
NVU.AX,Nanoveu Ltd,Information Technology
NVX.AX,Novonix Ltd,Information Technology
NWC.AX,New World Resources Ltd,Materials
NWE.AX,Norwest Energy NL,Energy
NWF.AX,Newfield Resources Ltd,Materials
NWH.AX,NRW Holdings Ltd,Industrials
NWL.AX,Netwealth Group Ltd,Financials
NWM.AX,Norwest Minerals Ltd,Materials
NWS.AX,News Corporation,Communication Services
NWSLV.AX,News Corporation,Consumer Discretionary
NXE.AX,New Energy Minerals Ltd,Materials
NXM.AX,Nexus Minerals Ltd,Materials
NXS.AX,Next Science Ltd,Health Care
NXT.AX,NEXTDC Ltd,Information Technology
NYR.AX,Nyrada Inc,Health Care
NZK.AX,New Zealand King Salmon Investments Ltd,Consumer Staples
NZM.AX,NZME Ltd,Communication Services
NZS.AX,New Zealand Coastal Seafoods Ltd,Consumer Staples
OAR.AX,Oakdale Resources Ltd,Materials
OAU.AX,Ora Gold Ltd,Materials
OBJ.AX,OBJ Limited,Health Care
OBL.AX,Omni Bridgeway Ltd,Financials
OBM.AX,Ora Banda Mining Ltd,Materials
OCA.AX,Oceania Healthcare Ltd,Health Care
OCC.AX,Orthocell Ltd,Health Care
OCL.AX,Objective Corporation Ltd,Information Technology
ODA.AX,Orcoda Ltd,Information Technology
ODM.AX,Odin Metals Ltd,Materials
ODY.AX,Odyssey Energy Ltd,Energy
OEC.AX,Orbital Corporation Ltd,Industrials
OEL.AX,Otto Energy Ltd,Energy
OEQ.AX,Orion Equities Ltd,Financials
OEX.AX,OILEX Ltd,Energy
OFX.AX,OFX Group Ltd,Financials
OGA.AX,Ocean Grown Abalone Ltd,Consumer Staples
OGC.AX,Oceanagold Corporation,Materials
OGX.AX,Orinoco Gold Ltd,Materials
OIL.AX,Optiscan Imaging Ltd,Health Care
OKJ.AX,Oakajee Corporation Ltd,Materials
OKR.AX,Okapi Resources Ltd,Materials
OKU.AX,Oklo Resources Ltd,Materials
OLH.AX,Oldfields Holdings Ltd,Industrials
OLI.AX,Oliver's Real Food Ltd,Consumer Discretionary
OLL.AX,Openlearning Ltd,Information Technology
OLV.AX,Otherlevels Holdings Ltd,Information Technology
OMH.AX,Om Holdings Ltd,Materials
OML.AX,Ooh!Media Ltd,Communication Services
ONE.AX,Oneview Healthcare Plc,Health Care
ONT.AX,1300 Smiles Ltd,Health Care
ONX.AX,Orminex Ltd,Materials
OOK.AX,Ookami Ltd,Information Technology
OOO.AX,Betashares Crude Oil INDEX ETF-Currency Hedged (Synthetic),
OPC.AX,Opticomm Ltd,
OPH.AX,Ophir High Conviction Fund,
OPL.AX,Opyl Ltd,Information Technology
OPT.AX,Opthea Ltd,Health Care
OPY.AX,Openpay Group Ltd,Financials
ORA.AX,Orora Ltd,Materials
ORE.AX,Orocobre Ltd,Materials
ORG.AX,Origin Energy Ltd,Energy
ORI.AX,Orica Ltd,Materials
ORM.AX,Orion Metals Ltd,Materials
ORN.AX,Orion Minerals Ltd,Materials
ORR.AX,Orecorp Ltd,Materials
OSH.AX,Oil Search Ltd,Energy
OSL.AX,Oncosil Medical Ltd,Health Care
OSP.AX,Osprey Medical Inc,Health Care
OSX.AX,Osteopore Ltd,Health Care
OTW.AX,Over the Wire Holdings Ltd,Information Technology
OVH.AX,Onevue Holdings Ltd,Financials
OVN.AX,Oventus Medical Ltd,Health Care
OVT.AX,Ovato Ltd,Industrials
OXX.AX,Octanex Ltd,Energy
OZF.AX,SPDR S&P/ASX 200 Financials Ex A-REIT Fund,
OZG.AX,Ozgrowth Ltd,
OZL.AX,OZ Minerals Ltd,Materials
OZR.AX,SPDR S&P/ASX 200 Resources Fund,
P2P.AX,P2P Transport Ltd,Industrials
PAA.AX,Pharmaust Ltd,Health Care
PAB.AX,PATRYS Ltd,Health Care
PAC.AX,Pacific Current Group Ltd,Financials
PAF.AX,PM Capital Asian Opportunities Fund Ltd,
PAI.AX,Platinum Asia Investments Ltd,
PAK.AX,Pacific American Holdings Ltd,Materials
PAL.AX,Palla Pharma Ltd,Health Care
PAN.AX,Panoramic Resources Ltd,Materials
PAR.AX,Paradigm Biopharmaceuticals Ltd,Health Care
PAXX.AX,Platinum Asia Fund (Quoted Managed Hedge Fund),
PBH.AX,Pointsbet Holdings Ltd,Consumer Discretionary
PBP.AX,Probiotec Ltd,Health Care
PBX.AX,Pacific Bauxite Ltd,Materials
PCG.AX,Pengana Capital Group Ltd,Financials
PCH.AX,Property Connect Holdings Ltd,Communication Services
PCI.AX,Perpetual Credit Income Trust,
PCK.AX,Painchek Ltd,Health Care
PCL.AX,Pancontinental Oil & Gas NL,Energy
PDI.AX,Predictive Discovery Ltd,Materials
PDL.AX,Pendal Group Ltd,Financials
PDN.AX,Paladin Energy Ltd,Energy
PDZ.AX,Prairie Mining Ltd,Materials
PE1.AX,Pengana Private Equity Trust,
PEC.AX,Perpetual Resources Ltd,Materials
PEK.AX,Peak Resources Ltd,Materials
PEL.AX,Pelican Resources Ltd,Materials
PEN.AX,Peninsula Energy Ltd,Energy
PET.AX,Phoslock Environmental Technologies Ltd,Industrials
PEX.AX,Peel Mining Ltd,Materials
PFG.AX,Prime Financial Group Ltd,Financials
PFP.AX,Propel Funeral Partners Ltd,Consumer Discretionary
PG1.AX,Pearl Global Ltd,Industrials
PGC.AX,Paragon Care Ltd,Health Care
PGF.AX,PM Capital Global Opportunities Fund Ltd,
PGG.AX,Partners Group Global Income Fund,
PGH.AX,Pact Group Holdings Ltd,Materials
PGI.AX,Panterra Gold Ltd,Materials
PGL.AX,Prospa Group Ltd,Financials
PGM.AX,Platina Resources Ltd,Materials
PGR.AX,The Pas Group Ltd,Consumer Discretionary
PGX.AX,Primero Group Ltd,Industrials
PGY.AX,Pilot Energy Ltd,Energy
PIA.AX,Pengana International Equities Ltd,
PIC.AX,Perpetual Equity Investment Company Ltd,
PIL.AX,Peppermint Innovation Ltd,Information Technology
PIN.AX,Pinchme.com Inc,Industrials
PIO.AX,Pioneer Resources Ltd,Materials
PIQ.AX,Proteomics International Laboratories Ltd,Health Care
PIXX.AX,Platinum International Fund (Quoted Managed Hedge Fund),
PKD.AX,Parkd Ltd,Industrials
PKO.AX,Peako Ltd,Energy
PKS.AX,PKS Holdings Ltd,Health Care
PL8.AX,Plato Income Maximiser Ltd,
PLC.AX,PLC Financial Solutions Ltd,Financials
PLL.AX,Piedmont Lithium Ltd,Materials
PLS.AX,Pilbara Minerals Ltd,Materials
PLUS.AX,Vaneck Vectors Australian Corporate Bond Plus ETF,
PLX.AX,Pyrolyx AG,Materials
PM1.AX,Pure Minerals Ltd,Materials
PM8.AX,Pensana Rare EARTHS Plc,Materials
PMC.AX,Platinum Capital Ltd,
PME.AX,Pro Medicus Ltd,Health Care
PMGOLD.AX,Gold Corporation,
PMV.AX,Premier Investments Ltd,Consumer Discretionary
PMY.AX,Pacifico Minerals Ltd,Materials
PNC.AX,Pioneer Credit Ltd,Financials
PNI.AX,Pinnacle Investment Management Group Ltd,Financials
PNL.AX,Paringa Resources Ltd,Energy
PNN.AX,Pepinnini Lithium Ltd,Materials
PNR.AX,Pantoro Ltd,Materials
PNV.AX,Polynovo Ltd,Health Care
PNW.AX,Pacific Star Network Ltd,Communication Services
PNX.AX,PNX Metals Ltd,Materials
PO3.AX,Purifloh Ltd,Utilities
POD.AX,Podium Minerals Ltd,Materials
POS.AX,Poseidon Nickel Ltd,Materials
POU.AX,Betashares British Pound ETF,
POW.AX,Protean Energy Ltd,Industrials
PPC.AX,Peet Ltd,Real Estate
PPE.AX,People Infrastructure Ltd,Industrials
PPG.AX,Pro-Pac Packaging Ltd,Materials
PPH.AX,Pushpay Holdings Ltd,Information Technology
PPK.AX,PPK Group Ltd,Industrials
PPL.AX,Pureprofile Ltd,Communication Services
PPS.AX,Praemium Ltd,Information Technology
PPT.AX,Perpetual Ltd,Financials
PPY.AX,Papyrus Australia Ltd,Materials
PRM.AX,Prominence Energy NL,Energy
PRN.AX,Perenti Global Ltd,Materials
PRO.AX,Prophecy International Holdings Ltd,Information Technology
PRT.AX,Prime Media Group Ltd,Communication Services
PRU.AX,Perseus Mining Ltd,Materials
PRX.AX,Prodigy Gold NL,Materials
PRZ.AX,Parazero Ltd,Information Technology
PSA.AX,Petsec Energy Ltd,Energy
PSC.AX,Prospect Resources Ltd,Materials
PSI.AX,PSC Insurance Group Ltd,Financials
PSL.AX,Paterson Resources Ltd,Materials
PSQ.AX,Pacific Smiles Group Ltd,Health Care
PSZ.AX,PS&C Ltd,Industrials
PTB.AX,PTB Group Ltd,Industrials
PTL.AX,Pental Ltd,Consumer Staples
PTM.AX,Platinum Asset Management Ltd,Financials
PTR.AX,Petratherm Ltd,Materials
PTX.AX,Prescient Therapeutics Ltd,Health Care
PUA.AX,Pure Alumina Ltd,Materials
PUR.AX,Pursuit Minerals Ltd,Materials
PVE.AX,Po Valley Energy Ltd,Energy
PVL.AX,Powerhouse Ventures Ltd,Financials
PVS.AX,Pivotal Systems Corporation,Information Technology
PWG.AX,Primewest,Financials
PWH.AX,PWR Holdings Ltd,Consumer Discretionary
PWL.AX,Powerwrap Ltd,Financials
PWN.AX,Parkway Minerals NL,Materials
PWNCA.AX,Parkway Minerals NL,
PXS.AX,Pharmaxis Ltd,Health Care
PXX.AX,Polarx Ltd,Materials
PYC.AX,PYC Therapeutics Ltd,Health Care
PYG.AX,Paygroup Ltd,Information Technology
QAG.AX,Betashares Agriculture ETF-Currency Hedged (Synthetic),
QAN.AX,Qantas Airways Ltd,Industrials
QAU.AX,Betashares Gold Bullion ETF - Currency Hedged,
QBE.AX,QBE Insurance Group Ltd,Financials
QCB.AX,Betashares Commodities Basket ETF-Currency Hedged(Synthetic),
QEM.AX,QEM Ltd,Materials
QFE.AX,Quickfee Ltd,Financials
QFN.AX,Betashares Australian Financials Sector ETF,
QFY.AX,Quantify Technology Holdings Ltd,Information Technology
QGL.AX,Quantum Graphite Ltd,Materials
QHAL.AX,Vaneck Vectors MSCI World Ex Australia Quality (Hedged) ETF,
QHL.AX,Quickstep Holdings Ltd,Industrials
QIP.AX,QANTM Intellectual Property Ltd,Industrials
QLTY.AX,Betashares Global Quality Leaders ETF,
QMIX.AX,SPDR MSCI World Quality MIX Fund,
QOZ.AX,Betashares Ftse Rafi Australia 200 ETF,
QPON.AX,Betashares Australian Bank Senior Floating Rate Bond ETF,
QPR.AX,Quattro Plus Real Estate,Real Estate
QRE.AX,Betashares Australian Resources Sector ETF,
QRI.AX,Qualitas Real Estate Income Fund,
QSS.AX,Questus Ltd,Real Estate
QTG.AX,Q Technology Group Ltd,Information Technology
QTM.AX,Quantum Health Group Ltd,Health Care
QUAL.AX,Vaneck Vectors MSCI World Ex Australia Quality ETF,
QUB.AX,QUBE Holdings Ltd,Industrials
QUE.AX,Queste Communications Ltd,Financials
QUS.AX,Betashares Ftse Rafi U.S. 1000 ETF,
QVE.AX,QV Equities Ltd,
R3D.AX,R3D Global Ltd,Communication Services
RAC.AX,Race Oncology Ltd,Health Care
RAG.AX,Ragnar Metals Ltd,Materials
RAN.AX,Range International Ltd,Materials
RAP.AX,Resapp Health Ltd,Health Care
RARI.AX,Russell Investments Australian Responsible Investment ETF,
RBD.AX,Restaurant Brands New Zealand Ltd,Consumer Discretionary
RBL.AX,Redbubble Ltd,Consumer Discretionary
RBR.AX,RBR Group Ltd,Materials
RBTZ.AX,Betashares Global Robotics and Artificial Intelligence ETF,
RBX.AX,Resource Base Ltd,Materials
RCB.AX,Russell Investments Australian Select Corporate Bond ETF,
RCE.AX,Recce Pharmaceuticals Ltd,Health Care
RCL.AX,Readcloud Ltd,Information Technology
RCP.AX,Redbank Copper Ltd,Materials
RCT.AX,Reef Casino Trust,Consumer Discretionary
RCW.AX,Rightcrowd Ltd,Information Technology
RD1.AX,Registry Direct Ltd,Information Technology
RDC.AX,Redcape Hotel Group,Consumer Discretionary
RDF.AX,Redflex Holdings Ltd,Information Technology
RDG.AX,Resource Development Group Ltd,Materials
RDH.AX,Redhill Education Ltd,Consumer Discretionary
RDM.AX,Red Metal Ltd,Materials
RDN.AX,Raiden Resources Ltd,Materials
RDS.AX,Redstone Resources Ltd,Materials
RDV.AX,Russell Investments High Dividend Australian Shares ETF,
RDY.AX,Readytech Holdings Ltd,Information Technology
RE1.AX,Resa Group Ltd,Real Estate
REA.AX,REA Group Ltd,Communication Services
RED.AX,RED 5 Ltd,Materials
REE.AX,RAREX Ltd,Materials
REF.AX,Reverse Corp Ltd,
REG.AX,Regis Healthcare Ltd,Health Care
REH.AX,Reece Ltd,Industrials
REIT.AX,Vaneck Vectors Ftse International Property (Hedged) ETF,
RENT.AX,AMP Capital Global Property Sec Fund,
RES.AX,Resource Generation Ltd,Energy
REV.AX,Real Estate Investar Group Ltd,Communication Services
REX.AX,Regional Express Holdings Ltd,Industrials
REY.AX,REY Resources Ltd,Energy
REZ.AX,Resources & Energy Group Ltd,Materials
RF1.AX,Regal Investment Fund,
RFF.AX,Rural Funds Group,Real Estate
RFG.AX,Retail Food Group Ltd,Consumer Discretionary
RFN.AX,Reffind Ltd,Information Technology
RFR.AX,Rafaella Resources Ltd,Materials
RFT.AX,Rectifier Technologies Ltd,Industrials
RFX.AX,Redflow Ltd,Industrials
RGB.AX,Russell Investments Australian Government Bond ETF,
RGI.AX,Roto-Gro International Ltd,Industrials
RGL.AX,Riversgold Ltd,Materials
RGS.AX,Regeneus Ltd,Health Care
RHC.AX,Ramsay Health Care Ltd,Health Care
RHI.AX,Red Hill Iron Ltd,Materials
RHP.AX,Rhipe Ltd,Information Technology
RHT.AX,Resonance Health Ltd,Health Care
RHY.AX,RHYTHM Biosciences Ltd,Health Care
RIC.AX,Ridley Corporation Ltd,Consumer Staples
RIE.AX,Riedel Resources Ltd,Materials
RIM.AX,Rimfire Pacific Mining NL,Materials
RINC.AX,Betashares Legg Mason Real Income Fund (Managed Fund),
RIO.AX,RIO Tinto Ltd,Materials
RKN.AX,Reckon Ltd,Information Technology
RLC.AX,Reedy Lagoon Corporation Ltd,Materials
RLE.AX,Real Energy Corporation Ltd,Energy
RLG.AX,Roolife Group Ltd,Information Technology
RLT.AX,Renergen Ltd,Energy
RMC.AX,Resimac Group Ltd,Financials
RMD.AX,Resmed Inc,Health Care
RMG.AX,RMG Ltd,Materials
RMI.AX,Resource Mining Corporation Ltd,Materials
RML.AX,Resolution Minerals Ltd,Materials
RMP.AX,Red Emperor Resources NL,Energy
RMS.AX,Ramelius Resources Ltd,Materials
RMT.AX,Rma Energy Ltd,Materials
RMX.AX,Red Mountain Mining Ltd,Materials
RMY.AX,Rma Global Ltd,Communication Services
RND.AX,Rand Mining Ltd,Materials
RNE.AX,Renu Energy Ltd,Utilities
RNO.AX,Rhinomed Ltd,Health Care
RNT.AX,Rent.com.Au Ltd,Communication Services
RNU.AX,Renascor Resources Ltd,Energy
RNX.AX,Renegade Exploration Ltd,Materials
RNY.AX,RNY Property Trust,Real Estate
ROBO.AX,ETFs Robo Global Robotics and Automation ETF,
ROG.AX,Red Sky Energy Ltd,Energy
ROO.AX,Roots Sustainable Agricultural Technologies Ltd,Industrials
RPG.AX,Raptis Group Ltd,Real Estate
RPM.AX,RPM Automotive Group Ltd,Consumer Discretionary
RRL.AX,Regis Resources Ltd,Materials
RSG.AX,Resolute Mining Ltd,Materials
RSH.AX,Respiri Ltd,Health Care
RSM.AX,Russell Investments Australian Semi-Government Bond ETF,
RTE.AX,"Retech Technology Co., Ltd",Consumer Discretionary
RTG.AX,RTG Mining Inc,Materials
RTR.AX,Rumble Resources Ltd,Materials
RUL.AX,Rpmglobal Holdings Ltd,Information Technology
RVR.AX,Red River Resources Ltd,Materials
RVS.AX,Revasum Inc,Information Technology
RWC.AX,Reliance Worldwide Corporation Ltd,Industrials
RWD.AX,Reward Minerals Ltd,Materials
RXH.AX,Rewardle Holdings Ltd,Communication Services
RXL.AX,ROX Resources Ltd,Materials
RXM.AX,REX Minerals Ltd,Materials
RXP.AX,RXP Services Ltd,Information Technology
RYD.AX,Ryder Capital Ltd,
RZI.AX,RAIZ Invest Ltd,Financials
S2R.AX,S2 Resources Ltd,Materials
S32.AX,SOUTH32 Ltd,Materials
S66.AX,Star Combo Pharma Ltd,Consumer Staples
SAM.AX,SIV Asset Management Ltd,Financials
SAN.AX,Sagalio Energy Ltd,Energy
SAR.AX,Saracen Mineral Holdings Ltd,Materials
SAS.AX,Sky and Space Global Ltd,
SAU.AX,Southern Gold Ltd,Materials
SAVE.AX,Pinnacle Ashares Global Dynamic Income Fund (Managed Fund),
SBI.AX,Sterling Plantations Ltd,Consumer Staples
SBM.AX,ST Barbara Ltd,Materials
SBR.AX,Sabre Resources Ltd,Materials
SBU.AX,Siburan Resources Ltd,Materials
SBW.AX,Shekel Brainweigh Ltd,Information Technology
SCG.AX,Scentre Group,Real Estate
SCI.AX,Silver City Minerals Ltd,Materials
SCL.AX,Schrole Group Ltd,Information Technology
SCN.AX,Scorpion Minerals Ltd,Materials
SCP.AX,Shopping Centres Australasia Property Group,Real Estate
SCT.AX,Scout Security Ltd,Consumer Discretionary
SCU.AX,Stemcell United Ltd,Health Care
SDA.AX,Speedcast International Ltd,
SDF.AX,Steadfast Group Ltd,Financials
SDG.AX,Sunland Group Ltd,Real Estate
SDI.AX,SDI Ltd,Health Care
SDL.AX,Sundance Resources Ltd,Materials
SDV.AX,Scidev Ltd,Materials
SDX.AX,Sienna Cancer Diagnostics Ltd,Health Care
SE1.AX,Sensera Ltd,Information Technology
SEC.AX,Spheria Emerging Companies Ltd,
SEI.AX,Speciality Metals International Ltd,Materials
SEK.AX,Seek Ltd,Industrials
SELF.AX,Selfwealth SMSF Leaders ETF,
SEN.AX,Senetas Corporation Ltd,Information Technology
SEQ.AX,Sequoia Financial Group Ltd,Financials
SER.AX,Strategic Energy Resources Ltd,Materials
SES.AX,Secos Group Ltd,Materials
SF1.AX,Stemify Ltd,Information Technology
SFC.AX,Schaffer Corporation Ltd,Consumer Discretionary
SFG.AX,Seafarms Group Ltd,Consumer Staples
SFM.AX,Santa Fe Minerals Ltd,Materials
SFR.AX,Sandfire Resources Ltd,Materials
SFX.AX,Sheffield Resources Ltd,Materials
SFY.AX,SPDR S&P/ASX 50 Fund,
SGC.AX,Sacgasco Ltd,Energy
SGF.AX,SG Fleet Group Ltd,Industrials
SGH.AX,Slater & Gordon Ltd,Consumer Discretionary
SGI.AX,Stealth Global Holdings Ltd,Industrials
SGLLV.AX,Ricegrowers Ltd,
SGM.AX,Sims Ltd,Materials
SGO.AX,Stream Group Ltd,Information Technology
SGP.AX,Stockland,Real Estate
SGQ.AX,ST George Mining Ltd,Materials
SGR.AX,The Star Entertainment Group Ltd,Consumer Discretionary
SHE.AX,Stonehorse Energy Ltd,Energy
SHH.AX,Shree Minerals Ltd,Materials
SHJ.AX,Shine Justice Ltd,Consumer Discretionary
SHK.AX,Stone Resources Australia Ltd,Materials
SHL.AX,Sonic Healthcare Ltd,Health Care
SHM.AX,Shriro Holdings Ltd,Consumer Discretionary
SHO.AX,Sportshero Ltd,Communication Services
SHV.AX,Select Harvests Ltd,Consumer Staples
SI6.AX,SIX Sigma Metals Ltd,Materials
SIG.AX,Sigma Healthcare Ltd,Health Care
SIH.AX,Sihayo Gold Ltd,Materials
SIL.AX,Smiles Inclusive Ltd,Health Care
SIO.AX,Simonds Group Ltd,Consumer Discretionary
SIQ.AX,Smartgroup Corporation Ltd,Industrials
SIS.AX,Simble Solutions Ltd,Information Technology
SIT.AX,Site Group International Ltd,Consumer Discretionary
SIV.AX,SIV Capital Ltd,Industrials
SIX.AX,Sprintex Ltd,Consumer Discretionary
SKC.AX,Skycity Entertainment Group Ltd,Consumer Discretionary
SKF.AX,SKYFII Ltd,Information Technology
SKI.AX,Spark Infrastructure Group,Utilities
SKN.AX,Skin Elements Ltd,Consumer Staples
SKO.AX,Serko Ltd,Information Technology
SKT.AX,Sky Network Television Ltd,Communication Services
SKY.AX,SKY Metals Ltd,Materials
SL1.AX,SYMBOL Mining Ltd,Materials
SLC.AX,Superloop Ltd,
SLF.AX,SPDR S&P/ASX 200 Listed Property Fund,
SLK.AX,Sealink Travel Group Ltd,Consumer Discretionary
SLM.AX,Salmat Ltd,Communication Services
SLR.AX,Silver Lake Resources Ltd,Materials
SLX.AX,SILEX Systems Ltd,Information Technology
SLZ.AX,Sultan Resources Ltd,Materials
SM1.AX,Synlait Milk Ltd,Consumer Staples
SMC.AX,Strategic Minerals Corporation NL,Materials
SMG.AX,Soon Mining Ltd,Materials
SMI.AX,Santana Minerals Ltd,Materials
SMLL.AX,Betashares Aust Small Companies Select Fund (Managed Fund),
SMN.AX,Structural Monitoring Systems Plc,Information Technology
SMP.AX,Smartpay Holdings Ltd,Information Technology
SMR.AX,Stanmore Coal Ltd,Energy
SMX.AX,Security Matters Ltd,Information Technology
SNC.AX,Sandon Capital Investments Ltd,
SND.AX,Saunders International Ltd,Industrials
SNL.AX,Supply Network Ltd,Consumer Discretionary
SNS.AX,Sensen Networks Ltd,Information Technology
SNZ.AX,Summerset Group Holdings Ltd,Health Care
SO4.AX,Salt Lake Potash Ltd,Materials
SOL.AX,Washington H Soul Pattinson & Company Ltd,Energy
SOM.AX,Somnomed Ltd,Health Care
SOP.AX,Synertec Corporation Ltd,Industrials
SOR.AX,Strategic Elements Ltd,Financials
SP3.AX,Spectur Ltd,Information Technology
SPK.AX,Spark New Zealand Ltd,
SPL.AX,Starpharma Holdings Ltd,Health Care
SPQ.AX,Superior Resources Ltd,Materials
SPT.AX,Splitit Payments Ltd,Information Technology
SPX.AX,Spectrum Metals Ltd,Materials
SPY.AX,SPDR S&P 500 ETF Trust,
SPZ.AX,Smart Parking Ltd,Information Technology
SRG.AX,SRG Global Ltd,Industrials
SRH.AX,Saferoads Holdings Ltd,Industrials
SRI.AX,Sipa Resources Ltd,Materials
SRK.AX,Strike Resources Ltd,Materials
SRN.AX,Surefire Resources NL,Materials
SRV.AX,Servcorp Ltd,Real Estate
SRY.AX,Story-I Ltd,Consumer Discretionary
SRZ.AX,Stellar Resources Ltd,Materials
SSG.AX,Shaver Shop Group Ltd,Consumer Discretionary
SSL.AX,Sietel Ltd,Real Estate
SSLPA.AX,Sietel Ltd,Financials
SSM.AX,Service Stream Ltd,Industrials
SSO.AX,SPDR S&P/ASX Small Ordinaries Fund,
SST.AX,Steamships Trading Company Ltd,Industrials
ST1.AX,Spirit Telecom Ltd,
STA.AX,Strandline Resources Ltd,Materials
STC.AX,Sinetech Ltd,Information Technology
STG.AX,Straker Translations Ltd,Communication Services
STM.AX,Sunstone Metals Ltd,Materials
STN.AX,Saturn Metals Ltd,Materials
STO.AX,Santos Ltd,Energy
STW.AX,SPDR S&P/ASX 200 Fund,
STX.AX,Strike Energy Ltd,Energy
SUBD.AX,Vaneck Vectors Australian Subordinated Debt ETF,
SUD.AX,Suda Pharmaceuticals Ltd,Health Care
SUH.AX,Southern Hemisphere Mining Ltd,Materials
SUL.AX,Super Retail Group Ltd,Consumer Discretionary
SUN.AX,Suncorp Group Ltd,Financials
SUP.AX,Superior Lake Resources Ltd,Materials
SVA.AX,Simavita Ltd,Health Care
SVD.AX,Scandivanadium Ltd,Materials
SVH.AX,Silver Heritage Group Ltd,Consumer Discretionary
SVL.AX,Silver Mines Ltd,Materials
SVM.AX,Sovereign Metals Ltd,Materials
SVS.AX,Sunvest Corporation Ltd,
SVW.AX,Seven Group Holdings Ltd,Industrials
SVY.AX,Stavely Minerals Ltd,Materials
SW1.AX,Swift Media Ltd,Communication Services
SWF.AX,Selfwealth Ltd,Financials
SWK.AX,Swick Mining Services Ltd,Materials
SWM.AX,Seven West Media Ltd,Communication Services
SWTZ.AX,Switzer Dividend Growth Fund (Managed Fund),
SXA.AX,Strata-X Energy Ltd,Energy
SXE.AX,Southern Cross Electrical Engineering Ltd,Industrials
SXL.AX,Southern Cross Media Group Ltd,Communication Services
SXX.AX,Southern Cross Exploration N.L.,Materials
SXY.AX,SENEX Energy Ltd,Energy
SYA.AX,Sayona Mining Ltd,Materials
SYD.AX,Sydney Airport,Industrials
SYI.AX,SPDR MSCI Australia Select High Dividend Yield Fund,
SYR.AX,Syrah Resources Ltd,Materials
SYS.AX,SYNGAS Limited,Energy
SYT.AX,Syntonic Ltd,Information Technology
SZL.AX,Sezzle Inc,Financials
T3D.AX,333D Ltd,Industrials
TAH.AX,Tabcorp Holdings Ltd,Consumer Discretionary
TAM.AX,Tanami Gold NL,Materials
TAO.AX,TAO Commodities Ltd,Materials
TAP.AX,TAP Oil Ltd,Energy
TAR.AX,Taruga Minerals Ltd,Materials
TAS.AX,Tasman Resources Ltd,Materials
TBL.AX,Tambla Ltd,Information Technology
TBR.AX,Tribune Resources Ltd,Materials
TCL.AX,Transurban Group,Industrials
TCN.AX,Techniche Ltd,Information Technology
TCO.AX,Transmetro Corporation Ltd,Consumer Discretionary
TD1.AX,Tali Digital Ltd,Health Care
TDI.AX,360 Capital Digital Infrastructure Fund,
TDL.AX,TBG Diagnostics Ltd,Health Care
TDO.AX,3D Oil Ltd,Energy
TDY.AX,Thedocyard Ltd,Information Technology
TECH.AX,ETFs Morningstar Global Technology ETF,
TEG.AX,Triangle Energy (Global) Ltd,Energy
TEK.AX,Thorney Technologies Ltd,
TER.AX,Terracom Ltd,Energy
TFL.AX,Tasfoods Ltd,Consumer Staples
TGA.AX,Thorn Group Ltd,Consumer Discretionary
TGF.AX,Tribeca Global Natural Resources Ltd,
TGG.AX,Templeton Global Growth Fund Ltd,
TGH.AX,Terragen Holdings Ltd,Materials
TGM.AX,Theta Gold Mines Ltd,Materials
TGN.AX,Tungsten Mining NL,Materials
TGO.AX,Trimantium Growthops Ltd,Information Technology
TGP.AX,360 Capital Group,Real Estate
TGR.AX,Tassal Group Ltd,Consumer Staples
THC.AX,THC Global Group Ltd,Health Care
THD.AX,Thred Ltd,Communication Services
THR.AX,Thor Mining Plc,Materials
TIA.AX,Tian An Australia Ltd,Real Estate
TIE.AX,Tietto Minerals Ltd,Materials
TIG.AX,Tigers Realm Coal Ltd,Materials
TIN.AX,TNT Mines Ltd,Materials
TIP.AX,Teaminvest Private Group Ltd,Financials
TKF.AX,Tikforce Ltd,Information Technology
TKL.AX,Traka Resources Ltd,Materials
TKM.AX,Trek Metals Ltd,Materials
TLG.AX,Talga Resources Ltd,Materials
TLM.AX,Talisman Mining Ltd,Materials
TLS.AX,Telstra Corporation Ltd,
TLT.AX,Tilt Renewables Ltd,Utilities
TLX.AX,TELIX Pharmaceuticals Ltd,Health Care
TMG.AX,Trigg Mining Ltd,Materials
TMK.AX,Tamaska Oil and Gas Ltd,Energy
TML.AX,Timah Resources Ltd,Utilities
TMR.AX,Tempus Resources Ltd,Materials
TMT.AX,Technology Metals Australia Ltd,Materials
TMX.AX,Terrain Minerals Ltd,Materials
TMZ.AX,Thomson Resources Ltd,Materials
TNE.AX,Technology One Ltd,Information Technology
TNG.AX,TNG Ltd,Materials
TNK.AX,Think Childcare Group,Consumer Discretionary
TNP.AX,Triple Energy Ltd,Energy
TNR.AX,Torian Resources Ltd,Materials
TNT.AX,Tesserent Ltd,Information Technology
TNY.AX,Tinybeans Group Ltd,Communication Services
TOE.AX,Toro Energy Ltd,Energy
TOM.AX,Tomizone Ltd,
TON.AX,Triton Minerals Ltd,Materials
TOP.AX,Thorney Opportunities Ltd,
TOT.AX,360 Capital REIT,Financials
TOU.AX,Tlou Energy Ltd,Energy
TPC.AX,TPC Consolidated Ltd,Utilities
TPD.AX,Talon Petroleum Ltd,Energy
TPM.AX,TPG Telecom Ltd,
TPO.AX,Tian Poh Resources Ltd,Materials
TPP.AX,Tempo Australia Ltd,Industrials
TPS.AX,Threat Protect Australia Ltd,Industrials
TPW.AX,Temple & Webster Group Ltd,Consumer Discretionary
TRA.AX,Turners Automotive Group Ltd,Consumer Discretionary
TRL.AX,Tanga Resources Ltd,Materials
TRM.AX,Truscott Mining Corporation Ltd,Materials
TRS.AX,The Reject Shop Ltd,Consumer Discretionary
TRT.AX,Todd River Resources Ltd,Materials
TRY.AX,Troy Resources Ltd,Materials
TSC.AX,Twenty Seven Co. Ltd,Energy
TSL.AX,Titanium Sands Ltd,Materials
TSO.AX,Tesoro Resources Ltd,Materials
TTA.AX,TTA Holdings Ltd,Consumer Discretionary
TTB.AX,Total Brain Ltd,Health Care
TTI.AX,Traffic Technologies Ltd,Industrials
TTL.AX,Transcendence Technologies Ltd,Information Technology
TTM.AX,Titan Minerals Ltd,Materials
TTT.AX,Titomic Ltd,Materials
TV2.AX,TV2U International Ltd,Information Technology
TWD.AX,Tamawood Ltd,Consumer Discretionary
TWE.AX,Treasury Wine Estates Ltd,Consumer Staples
TWR.AX,Tower Ltd,Financials
TYM.AX,TYMLEZ Group Ltd,Information Technology
TYR.AX,Tyro Payments Ltd,Information Technology
TYX.AX,Tyranna Resources Ltd,Materials
TZL.AX,TZ Ltd,Information Technology
TZN.AX,Terramin Australia Ltd,Materials
UBA.AX,Ubs IQ MSCI Australia Ethical ETF,
UBE.AX,Ubs IQ MSCI Europe Ethical ETF,
UBI.AX,Universal Biosensors Inc,Health Care
UBJ.AX,Ubs IQ MSCI Japan Ethical ETF,
UBN.AX,Urbanise.com Ltd,Information Technology
UBP.AX,Ubs IQ MSCI Asia APEX 50 Ethical ETF,
UBU.AX,Ubs IQ MSCI Usa Ethical ETF,
UBW.AX,Ubs IQ MSCI World Ex Australia Ethical ETF,
UCM.AX,Uscom Ltd,Health Care
UCW.AX,UCW Ltd,Consumer Discretionary
UMAX.AX,Betashares S&P 500 Yield Maximiser Fund,
UMG.AX,United Malt Group Ltd,Consumer Staples
UNL.AX,United Networks Ltd,
UNV.AX,Universal Coal Plc,Energy
UOS.AX,United Overseas Australia Ltd,Real Estate
URF.AX,US Masters Residential Property Fund,Real Estate
URW.AX,Unibail-Rodamco-Westfield,Real Estate
USD.AX,Betashares U.S. Dollar ETF,
UTR.AX,Ultracharge Limited,Industrials
UUL.AX,Ultima United Ltd,Real Estate
UUV.AX,UUV Aquabotix Ltd,Industrials
UWL.AX,Uniti Group Ltd,
VACF.AX,Vanguard Australian Corp Fixed Interest INDEX ETF,
VAE.AX,Vanguard Ftse Asia Ex Japan Shares INDEX ETF,
VAF.AX,Vanguard Australian Fixed Interest INDEX ETF,
VAH.AX,Virgin Australia Holdings Ltd,Industrials
VAL.AX,Valor Resources Ltd,Materials
VAN.AX,Vango Mining Ltd,Materials
VAP.AX,Vanguard Australian Property Securities INDEX ETF,
VAR.AX,Variscan Mines Ltd,Materials
VAS.AX,Vanguard Australian Shares INDEX ETF,
VBLD.AX,Vanguard Global Infrastructure INDEX ETF,
VBND.AX,Vanguard Global Aggregate Bond INDEX (Hedged) ETF,
VBS.AX,Vectus Biosystems Ltd,Health Care
VCF.AX,Vanguard International Credit Securities INDEX (Hedged) ETF,
VCX.AX,Vicinity Centres,Real Estate
VDBA.AX,Vanguard Diversified Balanced INDEX ETF,
VDCO.AX,Vanguard Diversified Conservative INDEX ETF,
VDGR.AX,Vanguard Diversified Growth INDEX ETF,
VDHG.AX,Vanguard Diversified High Growth INDEX ETF,
VEA.AX,Viva Energy Group Ltd,Energy
VEC.AX,Vector Resources Ltd,Materials
VEE.AX,Veem Ltd,Industrials
VEFI.AX,Vanguard Ethically Conscious GLB Agg Bond INDEX (Hedged) ETF,
VEN.AX,Vintage Energy Ltd,Energy
VEQ.AX,Vanguard Ftse Europe Shares ETF,
VESG.AX,Vanguard Ethically Conscious International Shares INDEX ETF,
VEU.AX,Vanguard All-World Ex-US Shares INDEX ETF,
VG1.AX,Vgi Partners Global Investments Ltd,
VG8.AX,Vgi Partners Asian Investments Ltd,
VGAD.AX,Vanguard MSCI INDEX International Shares (Hedged) ETF,
VGB.AX,Vanguard Australian Government Bond INDEX ETF,
VGE.AX,Vanguard Ftse Emerging Markets Shares ETF,
VGI.AX,VGI Partners Ltd,Financials
VGL.AX,Vista Group International Ltd,Information Technology
VGMF.AX,Vanguard Global Multi-Factor Active ETF (Managed Fund),
VGS.AX,Vanguard MSCI INDEX International Shares ETF,
VHT.AX,Volpara Health Technologies Ltd,Health Care
VHY.AX,Vanguard Australian Shares High Yield ETF,
VIA.AX,Viagold Capital Ltd,Materials
VIC.AX,Victory Mines Ltd,Materials
VIF.AX,Vanguard International Fixed Interest INDEX (Hedged) ETF,
VIG.AX,Victor Group Holdings Ltd,Information Technology
VII.AX,Vietnam Industrial Investments Ltd,Materials
VIP.AX,VIP Gloves Ltd,Health Care
VISM.AX,Vanguard MSCI International Small Companies INDEX ETF,
VIV.AX,Vivid Technology Ltd,Industrials
VKA.AX,Viking Mines Ltd,Materials
VLC.AX,Vanguard MSCI Australian Large Companies INDEX ETF,
VLS.AX,Vita Life Sciences Ltd,Health Care
VLT.AX,Vault Intelligence Ltd,Information Technology
VMC.AX,Venus Metals Corporation Ltd,Materials
VMG.AX,VDM Group Ltd,Industrials
VMIN.AX,Vanguard Global Minimum Volatility Active ETF (Managed Fund),
VML.AX,Vital Metals Ltd,Materials
VMS.AX,Venture Minerals Ltd,Materials
VMT.AX,Vmoto Ltd,Consumer Discretionary
VMX.AX,Valmec Ltd,Energy
VMY.AX,Vimy Resources Ltd,Energy
VN8.AX,VONEX Ltd,
VOC.AX,Vocus Group Ltd,
VOL.AX,Victory Offices Ltd,Real Estate
VOR.AX,Vortiv Ltd,Information Technology
VP7.AX,Velocity Property Group Ltd,Real Estate
VPC.AX,VPCL Ltd,
VPR.AX,Volt Power Group Ltd,Utilities
VR1.AX,Vection Technologies Ltd,Information Technology
VR8.AX,Vanadium Resources Ltd,Materials
VRC.AX,Volt Resources Ltd,Materials
VRL.AX,Village Roadshow Ltd,Communication Services
VRS.AX,Veris Ltd,Industrials
VRT.AX,Virtus Health Ltd,Health Care
VRX.AX,VRX Silica Ltd,Materials
VSO.AX,Vanguard MSCI Australian Small Companies INDEX ETF,
VTG.AX,Vita Group Ltd,Consumer Discretionary
VTH.AX,Vitalharvest Freehold Trust,Real Estate
VTI.AX,"Visioneering Technologies, Inc",Health Care
VTS.AX,Vanguard US Total Market Shares INDEX ETF,
VUK.AX,Virgin Money Uk Plc,Financials
VUL.AX,Vulcan Energy Resources Ltd,Materials
VVA.AX,Viva Leisure Ltd,Consumer Discretionary
VVLU.AX,Vanguard Global Value Equity Active ETF (Managed Fund),
VVR.AX,Viva Energy REIT,Real Estate
VXR.AX,Venturex Resources Ltd,Materials
VYS.AX,Vysarn Ltd,Materials
WAA.AX,Wam Active Ltd,
WAF.AX,West African Resources Ltd,Materials
WAM.AX,WAM Capital Ltd,
WAT.AX,Waterco Ltd,Consumer Discretionary
WAX.AX,Wam Research Ltd,
WBC.AX,Westpac Banking Corporation,Financials
WBE.AX,Whitebark Energy Ltd,Energy
WBT.AX,Weebit Nano Ltd,Information Technology
WCMQ.AX,WCM Quality Global Growth Fund (Quoted Managed Fund),
WCN.AX,White Cliff Minerals Ltd,Materials
WDIV.AX,SPDR S&P Global Dividend Fund,
WDMF.AX,Ishares Edge MSCI World Multifactor ETF,
WEB.AX,Webjet Ltd,Consumer Discretionary
WEC.AX,White Energy Company Ltd,Energy
WEL.AX,Winchester Energy Ltd,Energy
WEMG.AX,SPDR S&P Emerging Markets Fund,
WES.AX,Wesfarmers Ltd,Consumer Discretionary
WFE.AX,Winmar Resources Ltd,Materials
WGB.AX,Wam Global Ltd,
WGN.AX,Wagners Holding Company Ltd,Materials
WGO.AX,Warrego Energy Ltd,Energy
WGX.AX,Westgold Resources Ltd,Materials
WHA.AX,Wattle Health Australia Ltd,Consumer Staples
WHC.AX,Whitehaven Coal Ltd,Energy
WHF.AX,Whitefield Ltd,
WHFPA.AX,Whitefield Ltd,Financials
WHK.AX,Whitehawk Ltd,Consumer Discretionary
WIC.AX,Westoz Investment Company Ltd,
WJA.AX,Wameja Ltd,Information Technology
WKT.AX,Walkabout Resources Ltd,Materials
WLC.AX,Wollongong Coal Ltd,Materials
WLD.AX,Wellard Ltd,Consumer Staples
WLE.AX,Wam Leaders Ltd,
WLF.AX,Wolf Minerals,Materials
WMI.AX,Wam Microcap Ltd,
WML.AX,Woomera Mining Ltd,Materials
WNB.AX,Wellness and Beauty Solutions Ltd,Consumer Discretionary
WND.AX,Windlab Ltd,Utilities
WNR.AX,Wingara AG Ltd,Consumer Staples
WNS.AX,World.Net Services Ltd,Information Technology
WOA.AX,Wide Open Agriculture Ltd,Consumer Staples
WOR.AX,Worley Ltd,Energy
WOW.AX,Woolworths Group Ltd,Consumer Staples
WPL.AX,Woodside Petroleum Ltd,Energy
WPP.AX,WPP AUNZ Ltd,Communication Services
WQG.AX,WCM Global Growth Ltd,
WRLD.AX,Betashares Managed Risk Global Share Fund (Managed Fund),
WRM.AX,White Rock Minerals Ltd,Materials
WSA.AX,Western Areas Ltd,Materials
WSI.AX,Weststar Industrial Ltd,Materials
WSP.AX,Whispir Ltd,Information Technology
WTC.AX,Wisetech Global Ltd,Information Technology
WTL.AX,WT Financial Group Ltd,Financials
WVOL.AX,Ishares Edge MSCI World Minimum Volatility ETF,
WWG.AX,Wiseway Group Ltd,Industrials
WWI.AX,West Wits Mining Ltd,Materials
WXHG.AX,SPDR S&P World Ex Australia (Hedged) Fund,
WXOZ.AX,SPDR S&P World Ex Australia Fund,
WZR.AX,Wisr Ltd,Financials
XAM.AX,Xanadu Mines Ltd,Materials
XARO.AX,Activex Ardea Real Outcome Bond Fund (Managed Fund),
XCD.AX,XCD Energy Ltd,Energy
XF1.AX,Xref Ltd,Information Technology
XPD.AX,XPD Soccer Gear Group Ltd,Consumer Discretionary
XPE.AX,Xped Ltd,Information Technology
XPL.AX,Xplore Wealth Ltd,Financials
XRF.AX,XRF Scientific Ltd,Industrials
XRO.AX,Xero Ltd,Information Technology
XST.AX,Xstate Resources Ltd,Energy
XTC.AX,Xantippe Resources Ltd,Materials
XTD.AX,XTD Ltd,Communication Services
XTE.AX,Xtek Ltd,Industrials
YAL.AX,Yancoal Australia Ltd,Energy
YANK.AX,Betashares Strong U.S. Dollar Fund (Hedge Fund),
YBR.AX,Yellow Brick Road Holdings Ltd,Financials
YMAX.AX,Betashares Aus TOP20 Equity Yield MAX Fund (MG FD),Consumer Discretionary
YOJ.AX,Yojee Ltd,Information Technology
YOW.AX,Yowie Group Ltd,Consumer Staples
YPB.AX,YPB Group Ltd,Industrials
YRL.AX,Yandal Resources Ltd,Materials
Z1P.AX,ZIP Co Ltd,Financials
Z3RO.AX,Pinnacle Ashares Dynamic Cash Fund (Managed Fund),
ZEL.AX,Z Energy Ltd,Energy
ZEN.AX,Zenith Energy Ltd,Utilities
ZER.AX,ZETA Resources Ltd,
ZEU.AX,ZEUS Resources Ltd,Energy
ZGL.AX,ZICOM Group Ltd,Industrials
ZIM.AX,Zimplats Holdings Ltd,Materials
ZIP.AX,Ziptel Ltd,
ZLD.AX,Zelira Therapeutics Ltd,Health Care
ZMI.AX,ZINC of Ireland NL,Materials
ZMICA.AX,ZINC of Ireland NL,
ZNC.AX,Zenith Minerals Ltd,Materials
ZNO.AX,ZOONO Group Ltd,Materials
ZUSD.AX,ETFs Enhanced Usd Cash ETF,
ZYAU.AX,ETFs S&P/ASX 300 High Yield Plus ETF,
ZYB.AX,ZYBER Holdings Ltd,Information Technology
ZYUS.AX,ETFs S&P 500 High Yield Low Volatility ETF,
